earnings,education,experience,female,industry,state_eitc,state
11317,12,2,0,8,7,21
11918,13,14,1,7,14,35
22782,14,27,1,6,12,12
14918,15,15,1,4,24,16
12626,14,27,1,6,25,29
4699,9,18,1,6,9,10
10016,13,3,1,1,20,27
9932,16,0,0,6,6,37
8494,12,14,0,7,15,26
15589,16,17,0,5,6,37
9668,14,22,0,5,7,38
11589,18,25,1,7,2,39
21866,14,22,0,1,10,25
27833,12,19,0,2,17,28
5167,14,18,1,8,6,37
27838,14,26,0,4,15,30
7915,11,7,0,7,9,10
12020,8,25,1,1,19,7
19980,15,39,1,8,7,38
11884,19,16,1,4,27,23
9037,9,31,0,3,8,2
9654,13,26,0,1,2,39
14225,13,23,0,5,6,37
39798,19,25,1,2,9,13
11468,14,21,0,1,8,3
24571,10,24,1,1,25,29
14724,16,15,1,6,1,15
8589,13,24,0,5,19,18
29867,15,14,0,6,20,22
28016,16,32,1,7,2,39
20243,15,27,1,1,10,25
12040,13,17,0,7,4,36
8922,17,10,1,7,20,27
13823,14,31,0,1,23,14
8823,9,34,0,3,15,26
11406,10,18,0,3,23,8
15982,13,26,1,4,9,13
2553,9,18,1,2,19,18
4527,16,17,1,6,20,27
30143,14,36,0,5,7,21
12200,16,15,0,5,12,12
6711,10,18,0,1,7,40
7646,12,23,1,5,9,13
6512,11,10,1,6,8,2
15359,11,10,0,3,5,17
7056,14,29,1,3,14,35
16101,13,0,1,8,7,21
13941,11,16,0,5,4,36
12990,14,13,1,4,12,12
23830,15,28,1,3,10,25
43546,10,56,1,5,10,25
20253,12,18,1,2,19,7
17816,17,10,0,3,9,10
4642,12,13,1,6,7,38
10251,14,45,1,7,9,13
14948,14,27,0,1,4,36
3267,9,14,0,5,15,30
14249,9,37,0,4,5,17
6673,11,23,1,7,23,14
15074,14,10,1,5,19,7
12147,11,29,1,1,16,5
19375,13,25,0,3,15,30
11759,12,14,1,2,19,7
67067,16,34,0,2,17,28
9850,14,29,0,3,7,40
32158,16,20,1,8,12,12
8607,11,9,0,3,19,6
10686,10,29,0,1,7,40
9446,8,43,1,3,16,5
19464,10,28,1,3,1,15
8978,9,16,0,7,6,37
13338,13,18,1,4,6,37
14671,11,40,1,8,7,21
15486,11,6,0,5,24,16
12147,16,20,1,2,20,19
17863,13,31,0,6,7,40
11218,10,18,0,8,20,27
7515,12,20,0,5,24,16
13104,13,22,0,6,15,30
6981,12,0,1,7,2,39
15504,16,16,0,2,9,33
7569,13,6,0,1,14,35
16145,16,39,1,6,27,23
10030,13,3,1,5,28,1
10352,9,18,1,2,23,14
40320,16,55,1,5,28,1
12462,15,21,0,8,9,33
16047,13,18,1,2,8,3
10490,16,1,0,6,12,12
9682,15,18,1,8,7,40
7459,8,0,0,7,29,9
11605,15,12,1,2,7,40
4701,13,27,1,8,15,30
12487,11,32,0,2,25,29
17677,13,12,1,3,12,12
7446,13,11,1,6,6,37
21857,14,17,1,6,13,20
4114,10,9,0,2,9,34
3715,12,10,0,3,27,4
10099,16,11,1,7,23,8
7934,12,21,1,8,15,30
18736,16,15,0,6,4,32
6076,10,17,1,1,27,4
19731,18,20,0,6,7,38
20636,13,33,1,7,29,9
4683,10,18,0,1,20,27
13581,14,18,1,1,5,17
8538,9,21,1,3,17,28
13322,11,15,0,8,24,16
10331,11,14,1,8,23,14
23159,15,20,1,5,26,31
12611,12,11,1,8,24,16
9389,14,11,0,4,16,5
11133,15,26,0,4,20,27
15025,14,36,0,8,2,39
18002,12,18,0,3,15,26
9458,14,27,0,3,8,2
7020,13,16,1,6,10,25
22558,15,23,0,6,27,23
13015,14,26,0,2,25,29
17013,19,14,1,4,10,25
13433,14,29,0,3,28,1
14887,16,14,1,5,8,3
14544,15,15,0,6,13,20
8970,16,25,1,5,25,29
24699,15,23,0,5,19,7
12193,11,22,1,3,7,40
24971,13,12,1,2,9,33
10205,10,16,1,3,19,7
12183,18,14,1,3,9,13
20467,12,17,0,3,8,3
15876,12,27,1,8,3,24
10202,13,20,0,5,6,37
31528,13,24,0,1,29,9
6773,15,27,1,5,23,8
11395,13,20,0,3,14,35
30966,16,39,0,8,28,1
9070,16,19,1,6,26,11
7644,13,15,0,8,13,20
10341,10,26,1,8,20,19
22514,14,11,0,8,28,1
6804,13,15,0,3,6,37
20911,16,39,1,7,27,4
21582,11,27,1,5,13,20
14701,11,26,1,6,16,5
11530,14,20,1,8,23,14
8905,13,18,1,4,4,32
16815,15,16,0,8,6,37
19354,13,19,1,2,19,6
25888,16,15,0,3,14,35
7067,12,5,1,5,9,34
12563,10,13,0,6,27,4
8158,14,16,0,6,4,36
17931,13,35,1,7,13,20
5526,13,0,1,7,19,7
15957,12,28,1,4,3,24
6425,13,15,0,6,20,27
7380,11,18,0,8,25,29
29220,17,25,0,2,9,33
2804,15,8,1,6,9,34
27718,14,29,0,8,9,34
4116,10,10,0,1,20,19
16413,16,15,1,1,27,4
17396,13,11,0,5,19,6
4971,16,13,0,8,25,29
24073,14,24,0,7,12,12
12218,12,31,1,3,6,37
8558,11,24,0,8,12,12
7349,15,8,1,7,7,40
19488,10,33,1,4,4,36
50113,18,26,0,8,5,17
7408,11,17,0,6,16,5
13445,14,15,0,4,15,26
6453,8,21,1,1,3,24
8890,11,28,1,5,15,30
11283,12,0,1,8,27,4
3963,13,5,0,8,20,19
11763,13,28,0,2,2,39
10832,14,22,1,1,27,23
9991,14,25,0,3,19,6
8949,14,24,1,3,19,7
7132,9,18,1,1,26,31
10705,8,22,1,1,7,21
6326,8,27,1,5,2,39
7680,12,25,0,7,27,23
6771,15,11,1,7,19,6
15894,15,19,1,7,27,23
11399,16,23,1,6,16,5
7576,8,15,0,2,17,28
15735,13,29,1,8,25,29
7528,12,18,1,2,17,28
13718,14,15,0,3,28,1
8188,8,12,0,5,19,18
14658,12,21,1,4,1,15
11437,12,32,1,8,19,18
18442,12,14,1,3,9,33
15481,12,23,1,1,20,19
16585,13,32,1,3,1,15
11570,10,34,1,1,15,30
10107,14,28,1,8,20,22
6241,10,28,1,3,15,26
12698,10,34,1,8,2,39
5675,10,0,0,7,26,11
18068,9,3,1,3,9,33
13192,20,16,1,2,23,8
5011,16,13,1,6,4,32
22892,12,25,0,4,17,28
17181,17,28,1,6,19,7
25656,14,27,0,8,19,7
11075,11,29,0,4,26,31
5597,13,16,1,5,7,40
12788,12,20,0,5,14,35
12638,8,15,1,8,15,26
23127,12,26,1,1,26,31
9978,16,22,0,1,2,39
7710,16,16,1,1,20,27
16082,14,21,0,6,20,22
24463,13,38,0,6,7,38
24281,17,22,0,6,20,19
4115,13,14,0,7,4,36
24822,15,14,1,8,26,31
19817,11,24,0,4,3,24
6093,13,0,0,3,2,39
11728,17,29,1,6,4,36
5771,9,29,0,6,15,30
11241,13,10,0,3,29,9
4151,16,14,1,7,9,34
12436,17,21,1,5,9,34
7413,13,13,1,4,20,22
12425,12,33,1,6,6,37
6677,16,11,1,5,16,5
8037,13,32,1,7,20,27
14151,10,25,1,8,9,33
6156,11,36,0,8,19,7
8014,14,0,1,7,3,24
19829,15,17,1,7,15,30
9326,11,23,0,8,8,3
16725,15,17,1,7,28,1
14196,16,11,0,8,1,15
4006,8,0,0,7,1,15
15885,13,21,0,1,19,6
19910,13,22,1,8,19,18
13057,15,23,1,8,23,14
10808,11,20,1,4,23,8
9111,11,11,1,6,20,19
6357,13,31,1,2,10,25
7081,12,22,1,3,19,18
20346,16,11,0,5,8,3
16261,10,17,0,3,14,35
9015,9,13,0,4,7,21
37261,13,28,0,2,17,28
3189,11,14,1,6,29,9
10211,15,25,1,3,15,30
23266,11,7,0,5,19,7
24480,16,38,1,1,13,20
10128,11,6,1,2,8,2
5196,10,21,1,4,8,2
34880,15,33,0,3,1,15
7653,9,15,1,4,20,27
11661,13,24,0,5,23,8
9219,13,37,0,7,1,15
5902,12,13,1,5,2,39
13438,14,13,0,8,4,32
30692,14,27,0,8,15,30
6907,10,11,0,1,25,29
10609,10,14,1,4,7,38
13072,12,31,1,4,9,34
13359,11,26,0,1,1,15
3207,8,22,0,4,9,34
17031,12,19,0,3,15,30
5043,8,4,0,4,9,34
5661,11,15,1,7,27,4
5535,11,12,1,2,20,27
14588,12,23,1,3,9,13
4552,11,14,1,6,15,30
12562,10,10,1,1,20,22
10309,11,27,1,5,19,18
26565,16,18,0,7,16,5
5564,9,6,1,6,9,10
24821,11,41,1,1,5,17
12461,12,28,1,2,26,31
19209,14,36,0,3,26,11
25194,17,13,1,5,12,12
16404,12,24,1,5,29,9
10605,16,29,1,2,23,14
9253,11,21,0,4,25,29
8174,14,20,1,4,7,38
15741,15,27,1,3,1,15
20266,13,9,0,8,26,31
28533,15,23,0,3,19,6
6534,10,21,0,4,4,32
20592,11,22,1,1,26,31
6570,15,10,1,2,19,18
10822,15,18,0,2,23,14
17374,15,20,1,4,17,28
13191,12,11,0,1,26,31
13776,8,15,0,2,9,33
13101,8,23,0,8,15,26
16167,12,25,0,2,24,16
17434,16,12,0,7,8,3
24190,11,27,0,8,13,20
23678,12,27,0,5,13,20
11518,14,10,0,7,23,8
8701,13,17,1,3,23,8
29582,15,27,1,1,12,12
21463,20,21,1,2,27,4
11372,13,22,0,3,9,34
14303,15,25,1,5,7,21
9079,9,10,1,7,5,17
48043,17,33,0,8,26,31
16042,13,14,1,2,28,1
8261,16,31,0,6,27,23
14628,14,39,0,1,23,14
5633,15,4,1,4,14,35
22651,11,26,0,6,17,28
12182,13,17,0,1,16,5
12888,13,31,0,6,7,40
15189,17,31,0,5,23,14
9686,13,33,1,6,23,14
5943,11,27,0,7,15,26
11555,14,26,0,8,8,2
7674,13,32,1,2,2,39
32333,9,25,0,2,7,21
15319,16,13,0,6,10,25
9859,12,30,1,7,23,14
13915,14,15,0,1,2,39
5463,11,23,1,2,7,21
12330,10,12,1,3,15,26
14056,16,23,0,8,10,25
2784,12,6,1,4,28,1
24862,10,33,0,4,26,31
9389,13,12,1,6,3,24
37073,15,38,0,8,27,23
7133,15,7,1,6,7,21
6552,15,6,1,5,12,12
13101,12,25,0,2,9,33
11498,11,33,0,8,16,5
9513,14,9,1,3,17,28
15406,13,24,0,7,8,3
16622,16,3,0,7,24,16
23441,12,28,0,5,26,11
9236,14,21,0,2,9,34
11027,14,18,0,7,9,10
9777,15,21,1,7,4,32
14463,11,10,1,7,27,4
18018,13,13,1,4,28,1
11068,12,36,0,1,2,39
7712,11,32,1,8,9,34
11545,12,0,0,5,20,19
10641,8,3,0,3,9,13
17893,11,33,1,2,23,14
5461,12,22,1,4,23,14
11646,14,0,1,7,3,24
7926,9,0,0,8,8,2
11953,14,27,0,3,28,1
19825,14,31,1,8,27,4
16884,12,21,0,1,7,40
10782,12,13,1,2,27,4
4194,9,22,0,4,26,11
18165,10,33,0,3,23,14
7471,14,6,0,2,25,29
3667,11,20,1,8,7,38
8555,13,15,0,2,23,14
7479,11,17,0,1,8,2
7828,13,17,1,2,1,15
8875,14,4,1,6,17,28
29852,17,22,0,2,8,3
11545,12,21,0,4,14,35
10477,10,11,1,6,27,4
12622,17,9,0,3,9,13
10591,13,22,0,7,7,38
7533,9,28,1,2,26,11
6701,17,5,1,3,25,29
15709,15,23,1,6,7,38
20016,12,16,0,1,25,29
15845,12,25,1,3,8,2
7497,12,19,1,7,23,14
7727,14,0,1,1,26,31
25905,12,40,0,1,14,35
9932,14,10,0,4,9,13
16179,15,7,0,7,8,2
6123,14,9,0,2,7,38
10822,15,13,1,4,8,2
11625,14,27,0,1,20,19
14684,11,20,0,3,9,34
17477,14,16,0,6,27,4
11028,8,14,1,6,3,24
5777,13,23,1,2,23,14
14368,15,25,1,2,26,31
23283,17,6,0,2,27,4
33713,17,19,1,2,12,12
33425,13,32,0,6,4,36
11553,11,29,1,6,1,15
10127,15,8,0,8,6,37
4670,9,11,0,5,9,13
9801,12,25,0,1,20,27
6678,12,4,1,5,17,28
10033,8,31,0,5,9,33
11482,15,19,1,8,20,19
28034,11,32,1,7,8,3
8518,15,6,1,7,9,13
14131,13,31,1,4,7,40
15346,19,20,1,1,29,9
9462,11,12,1,5,24,16
9183,9,31,0,4,9,34
15968,13,27,1,1,19,6
11078,15,0,1,7,16,5
12877,16,11,0,7,20,22
9296,11,20,0,1,26,11
2696,10,4,0,8,19,18
8082,14,14,1,8,15,30
11113,13,21,0,2,9,33
10739,15,6,1,6,7,40
5095,8,19,0,8,9,34
7063,11,6,0,2,12,12
21183,14,46,1,7,23,8
8931,8,8,1,1,19,6
11065,14,27,0,8,14,35
33849,15,29,1,3,19,6
5580,11,7,0,4,9,13
9881,17,31,1,5,20,19
4537,10,3,1,2,4,32
11470,17,14,1,1,15,30
6765,12,14,0,6,6,37
9072,11,32,0,4,10,25
25390,17,26,0,6,9,10
16543,17,29,1,8,25,29
8955,12,0,0,7,24,16
17022,13,24,0,6,19,7
25775,14,22,1,2,15,30
11080,16,12,0,3,15,26
19168,16,28,0,1,9,34
20607,13,41,1,6,15,26
12244,16,21,1,4,16,5
11796,8,14,1,7,6,37
12111,11,22,0,7,17,28
13116,12,10,0,2,25,29
14361,14,14,0,2,24,16
6961,12,35,1,4,25,29
22419,13,36,1,4,17,28
17856,12,29,0,8,28,1
8193,12,21,1,4,20,27
22195,14,10,0,6,27,23
8521,11,27,1,8,24,16
33032,12,29,0,4,5,17
8096,15,13,1,3,20,27
5605,13,2,0,7,19,18
6754,14,0,1,6,15,30
11757,8,26,0,8,26,11
10757,12,13,0,7,27,23
8558,14,27,1,8,26,11
5714,13,8,1,3,20,22
4312,8,9,1,4,2,39
9919,16,16,0,4,4,36
12815,13,22,0,2,23,8
10422,14,20,1,1,26,31
13928,12,20,1,8,7,38
17744,14,18,0,7,9,34
10318,14,10,1,8,15,26
9320,14,23,0,1,4,32
19808,11,23,1,1,28,1
9537,13,23,0,5,28,1
23497,16,27,1,4,9,13
10889,10,28,1,3,19,7
13403,13,28,0,6,28,1
12368,15,10,0,7,2,39
8842,13,15,0,7,26,11
12590,12,20,0,8,10,25
4521,11,23,1,2,1,15
8708,8,27,0,3,9,13
16580,16,23,1,5,16,5
10332,15,16,0,4,7,40
19263,14,40,1,1,26,11
25093,13,39,1,1,26,31
9249,10,13,1,6,7,21
9610,8,25,0,7,5,17
22569,15,37,0,2,9,34
5669,10,12,1,4,7,38
6411,12,12,0,1,25,29
36088,14,33,0,4,5,17
17911,17,27,1,7,5,17
8508,16,31,1,6,20,27
13787,14,0,1,3,15,26
17701,15,15,0,1,10,25
10919,13,23,0,1,4,32
4025,16,3,1,3,4,36
12609,16,21,1,6,8,2
6741,16,20,1,8,9,34
13609,16,0,0,3,12,12
14040,9,25,0,6,27,4
12839,13,21,0,6,15,30
5727,11,16,0,8,7,21
13379,17,34,0,4,23,14
14587,12,25,1,4,13,20
8043,16,17,1,3,7,38
5775,9,20,1,7,12,12
8412,10,31,0,3,9,10
12106,11,15,0,6,17,28
10315,8,9,0,1,4,36
12229,11,23,0,1,26,11
8890,16,10,0,5,2,39
11209,12,17,0,4,9,13
18489,10,23,1,6,4,36
8910,11,21,1,3,13,20
4494,9,21,0,3,19,6
7978,10,25,0,5,1,15
5627,12,26,1,5,9,34
16446,13,24,1,3,15,26
11057,15,29,1,7,20,19
6963,12,8,0,3,10,25
14810,13,41,0,4,20,22
14345,12,25,0,7,14,35
14355,12,10,0,6,16,5
19747,13,19,1,8,13,20
5292,10,31,1,7,9,34
13823,11,17,0,5,19,6
11489,11,27,1,5,15,30
12583,14,12,0,2,28,1
14647,17,27,0,1,4,36
10118,13,26,1,7,23,8
11554,13,19,0,1,15,26
13718,11,21,1,8,5,17
10466,13,24,1,4,27,23
3912,12,21,1,1,9,34
10256,12,23,0,1,27,4
13343,15,13,0,8,9,13
8459,13,9,1,2,9,34
22559,14,8,0,1,16,5
9643,13,27,1,8,16,5
7282,16,13,1,5,26,31
13652,12,36,0,3,16,5
5681,10,35,0,8,4,32
9158,8,30,0,1,20,19
16162,13,28,0,7,2,39
10093,8,12,1,6,26,31
26444,16,20,0,8,13,20
8075,14,21,0,6,24,16
12640,10,26,1,3,29,9
5753,12,14,0,1,25,29
8084,14,37,0,4,20,22
17074,12,26,1,6,23,8
8515,12,26,1,7,15,26
13085,11,33,1,6,19,6
12550,16,22,1,7,12,12
9434,12,24,0,2,13,20
27228,13,21,1,1,10,25
5917,17,9,0,4,9,34
10614,13,33,1,1,24,16
45408,19,27,0,1,28,1
9306,9,23,0,2,13,20
25680,10,23,0,4,3,24
4961,10,12,0,3,20,19
7633,9,7,0,2,15,26
13918,15,22,0,4,3,24
4681,12,24,1,4,9,34
5312,14,16,0,5,7,38
14733,13,12,1,6,8,2
12843,12,16,1,2,8,3
18759,10,28,0,3,14,35
9868,9,22,0,6,9,33
5945,10,15,0,4,19,6
12406,14,37,1,2,20,19
14662,13,24,1,7,25,29
12277,12,13,0,4,17,28
8447,13,19,0,8,7,21
4314,9,17,0,5,8,2
12301,13,17,0,5,27,4
10180,15,14,0,2,19,18
7355,11,20,1,4,16,5
5720,12,14,1,8,6,37
14737,15,14,1,1,4,36
9092,11,36,1,4,7,40
17251,18,36,0,2,15,30
19607,9,31,1,6,19,6
22608,14,29,0,6,5,17
13784,12,23,1,8,8,3
18137,11,34,0,3,2,39
30420,16,29,0,7,8,3
7696,10,29,1,7,27,4
8780,15,21,0,4,20,27
13241,13,28,1,5,16,5
13796,13,14,0,8,28,1
15517,14,14,1,3,25,29
16090,15,30,0,1,28,1
14498,12,30,0,8,7,38
13378,14,22,1,7,23,14
30181,14,27,1,1,9,33
18830,13,19,0,3,12,12
8267,12,12,1,5,7,40
16506,11,9,1,7,19,7
13974,14,31,0,5,9,34
10012,16,21,1,8,2,39
7327,13,14,1,5,29,9
12854,17,27,1,7,27,4
11400,14,17,1,6,20,19
8013,15,11,1,6,9,34
14054,8,20,0,2,26,11
17036,14,23,1,5,27,4
4803,11,21,1,4,27,23
7198,10,24,0,2,9,34
21774,16,28,1,7,15,30
5455,10,23,1,2,25,29
7322,14,17,0,4,7,40
12641,15,19,0,5,8,2
24428,11,24,0,8,19,7
13925,10,28,1,1,4,32
10560,14,17,1,3,1,15
6030,11,17,1,7,4,36
16384,12,34,1,2,20,19
14324,13,13,0,1,12,12
23443,18,0,0,8,7,21
18310,11,33,0,8,9,10
21551,17,38,0,8,23,8
24790,16,11,1,8,7,21
11707,15,12,0,7,7,21
11516,11,19,1,1,3,24
21222,13,22,0,6,15,30
20443,15,15,1,5,27,23
14005,14,33,0,4,19,18
16906,9,10,0,3,15,30
16914,9,22,1,3,9,34
7112,12,25,0,6,9,13
17324,12,23,1,2,5,17
5982,9,15,0,1,19,18
5259,15,13,0,1,23,14
18309,12,5,1,2,3,24
10476,11,15,0,6,19,6
17248,14,22,1,3,4,32
10872,14,27,0,1,10,25
14662,17,22,0,2,2,39
5472,12,3,0,2,9,34
13061,13,19,0,5,19,18
17343,15,12,1,3,15,30
19048,15,29,0,7,25,29
12575,14,19,0,5,28,1
16166,15,21,0,4,23,14
24026,13,18,1,1,9,33
7118,11,22,1,2,2,39
21266,14,40,1,8,7,40
28884,17,24,0,8,7,40
4615,12,16,0,4,20,19
12464,15,10,1,5,28,1
6935,15,12,1,2,8,2
9274,12,2,0,1,10,25
4351,10,10,0,1,20,19
6153,15,17,0,4,9,34
4285,13,17,1,2,9,13
7111,10,22,0,2,6,37
9403,14,13,1,4,24,16
5493,16,26,1,4,15,26
9701,17,20,0,7,20,19
11392,14,6,1,4,16,5
6179,15,23,0,8,9,13
9017,13,33,1,7,9,10
18920,17,28,1,3,23,14
9404,17,21,0,2,13,20
15572,13,19,1,3,14,35
22461,14,23,1,4,15,30
17177,14,11,0,2,6,37
13275,12,24,1,5,15,30
17948,17,8,0,5,7,21
2141,8,17,1,5,9,13
20619,13,19,0,6,29,9
9353,13,13,0,5,20,22
8846,12,11,1,5,26,31
4837,14,16,0,6,26,11
11512,14,3,0,8,7,38
27335,12,13,0,3,19,6
16796,16,27,1,6,16,5
8930,13,18,1,6,6,37
19533,13,34,0,7,5,17
17973,12,22,0,8,3,24
10772,10,26,1,4,20,27
16913,11,31,1,6,12,12
25283,11,29,0,1,17,28
14806,17,17,1,1,8,2
12430,14,12,1,5,12,12
12201,12,21,1,1,1,15
21027,16,24,0,2,23,14
10601,12,20,0,5,10,25
8018,14,9,1,8,7,21
29889,10,18,1,3,7,38
12069,13,14,0,4,28,1
27471,15,25,0,6,4,36
27897,12,27,0,7,24,16
4472,13,19,0,7,2,39
20163,15,20,0,1,10,25
7487,13,7,0,1,16,5
12253,16,25,1,8,23,14
6618,8,6,0,8,7,38
8241,14,22,0,7,9,34
8442,12,24,1,8,20,27
5158,14,13,0,6,9,34
7740,12,17,1,4,8,2
31870,14,27,0,7,19,6
33460,16,22,1,7,28,1
7688,11,26,1,2,16,5
4592,14,5,1,4,23,8
12933,18,27,1,6,20,19
7623,13,22,0,4,23,8
8195,13,10,0,3,7,21
13131,12,17,1,7,26,31
6377,11,6,1,2,12,12
23121,10,33,0,3,3,24
47237,15,28,0,8,26,31
13885,12,19,1,4,14,35
12360,12,24,1,1,23,14
8710,11,17,1,4,8,3
5827,14,18,0,8,9,34
8144,12,20,0,5,8,3
13463,11,14,0,7,19,6
10369,11,26,1,3,17,28
18692,12,23,1,5,3,24
15520,12,11,0,5,5,17
9300,17,26,0,2,4,32
18666,16,3,1,1,3,24
6558,12,23,0,5,26,11
5783,12,20,1,2,26,11
19019,14,16,1,6,8,2
6087,11,6,1,2,26,31
6284,13,21,0,2,2,39
11335,10,29,1,7,15,30
8323,13,35,1,7,15,30
12480,12,24,0,6,1,15
6558,10,5,1,3,27,23
10223,10,19,1,4,9,13
7636,12,22,1,5,20,19
9567,15,26,1,1,19,18
8127,11,9,1,3,25,29
9095,10,30,1,3,17,28
11858,14,12,0,1,15,30
6023,9,20,1,8,19,6
21178,14,25,0,2,7,21
12988,12,15,0,6,16,5
4546,13,13,0,1,29,9
8959,12,22,0,8,20,27
11252,14,6,0,2,20,27
11694,15,7,0,1,7,21
9331,11,2,0,2,12,12
9508,15,13,1,2,14,35
8712,8,28,0,8,29,9
8999,12,25,0,6,10,25
23155,16,13,0,2,23,8
14015,15,24,1,6,29,9
27411,12,16,0,3,28,1
13300,13,17,1,1,15,30
14956,15,26,1,6,9,34
14347,18,21,1,2,13,20
12360,14,18,1,4,15,26
9943,11,10,0,5,8,2
26359,16,30,1,1,4,36
31358,13,25,0,6,28,1
16212,15,7,1,5,27,4
7606,10,23,0,3,20,27
7486,9,19,0,8,5,17
15911,12,5,1,3,17,28
8253,14,18,1,2,24,16
13077,12,10,0,1,9,33
7439,13,5,1,2,23,8
16447,13,19,1,7,5,17
9521,12,30,1,2,15,26
14855,12,8,0,5,25,29
16076,16,7,0,4,8,3
8437,15,19,1,1,6,37
15150,16,33,1,1,16,5
35726,20,34,0,3,4,32
11911,13,4,0,6,7,38
13214,16,12,0,8,8,2
6254,12,3,0,8,7,21
6111,8,10,0,8,4,36
8069,10,30,1,3,1,15
13850,16,17,0,5,7,21
12523,10,1,0,6,25,29
11058,12,22,0,4,1,15
16293,12,24,0,5,19,7
15012,13,22,1,6,7,21
14411,11,25,0,3,25,29
31538,11,23,0,6,17,28
8524,14,23,1,8,27,4
9735,12,14,0,3,28,1
25462,15,21,0,6,9,10
10262,12,13,1,6,19,18
10974,15,42,0,1,26,11
11382,15,16,1,6,6,37
12802,11,21,1,6,7,40
15944,10,21,0,1,23,14
16986,15,20,0,6,7,38
8513,11,21,1,1,5,17
6806,8,11,1,5,8,3
6860,16,14,0,3,23,14
10049,11,22,1,2,26,11
12648,11,1,1,5,7,38
4066,9,15,1,2,20,19
4303,9,11,1,6,27,23
14635,11,25,0,3,25,29
30114,12,35,0,3,27,4
30556,14,44,0,8,26,31
5329,9,4,0,2,7,38
15479,14,20,0,3,19,18
14299,15,3,0,3,16,5
2354,8,8,1,1,20,19
7241,12,14,0,3,27,23
17198,15,37,0,2,29,9
19463,12,37,1,6,5,17
10472,18,13,0,5,20,19
9107,13,30,1,8,27,4
18659,11,24,1,4,26,31
14280,12,18,0,6,27,4
13330,12,31,0,6,27,4
3961,13,5,1,5,24,16
12189,12,31,0,6,27,23
3943,14,20,1,5,8,3
21038,17,36,1,3,10,25
36955,17,28,0,6,10,25
21605,16,10,1,8,9,33
6856,16,30,1,3,20,27
5229,8,30,1,6,20,22
4325,12,14,1,5,4,32
9519,11,25,1,1,23,8
3669,9,1,1,8,7,38
9348,9,45,0,2,27,23
11140,11,39,0,5,4,36
16468,13,20,0,7,16,5
10958,9,28,1,7,5,17
14335,13,28,1,8,4,36
20202,17,22,0,7,27,23
16443,12,17,0,3,12,12
10826,18,19,0,8,28,1
7048,12,12,0,4,10,25
10902,13,15,1,8,6,37
10270,12,0,0,8,14,35
31002,14,5,0,4,10,25
46717,15,32,0,7,7,40
8110,19,9,1,5,26,11
23298,9,34,1,4,3,24
16424,13,22,1,2,8,2
8356,14,10,1,6,15,26
18543,14,22,1,2,25,29
8573,14,25,1,6,5,17
15447,10,25,0,5,19,6
16382,17,18,1,4,13,20
11202,13,1,0,3,27,23
9800,11,23,1,3,15,30
18517,15,19,1,4,28,1
15013,16,27,0,4,7,38
7035,12,19,1,8,4,32
17596,11,36,0,8,20,22
6522,17,3,0,7,9,34
13968,14,13,1,2,28,1
14708,15,15,1,5,7,40
15711,11,26,1,1,7,38
19567,15,20,1,6,14,35
26869,16,30,0,3,25,29
16095,13,41,1,4,26,11
10274,15,3,0,6,7,40
7430,15,7,0,5,27,4
38366,16,41,0,5,19,6
10462,15,21,1,7,25,29
8851,15,24,1,4,9,13
8528,10,29,1,8,14,35
7639,11,16,1,1,20,22
8315,11,27,0,5,7,38
10004,16,9,1,6,15,30
35642,13,28,0,7,26,31
6504,12,24,1,8,6,37
5160,11,16,0,8,19,18
18636,15,19,0,2,7,21
4925,9,13,0,8,29,9
5142,10,13,1,5,14,35
14188,13,11,1,8,9,10
8797,13,29,1,8,19,18
12796,11,35,1,4,14,35
34224,16,25,1,3,17,28
3751,14,5,1,7,27,23
14524,15,39,0,4,6,37
9392,10,7,0,6,19,18
17832,10,23,0,1,3,24
4629,10,15,1,5,15,30
3113,9,13,0,6,9,13
9218,14,10,1,2,15,26
13135,15,11,1,5,24,16
14439,12,14,0,6,19,6
7784,10,10,1,7,20,27
10418,10,14,1,6,26,31
9011,16,24,1,4,14,35
8676,14,13,0,7,7,38
8144,13,34,1,3,27,23
10147,11,26,0,6,1,15
9307,12,18,1,3,20,22
17225,15,28,1,6,2,39
6436,8,32,0,3,9,34
10058,11,10,1,7,9,10
5340,12,4,1,6,29,9
38432,15,17,1,1,24,16
14905,12,28,0,2,23,8
15716,14,16,0,7,1,15
18261,14,29,0,6,7,38
6005,12,19,1,6,20,27
8452,14,16,1,5,23,8
6215,12,25,0,2,20,27
10690,16,22,0,8,23,14
9351,8,0,0,1,13,20
11686,15,4,0,1,6,37
14530,11,16,1,6,9,33
7822,10,23,0,8,23,14
9993,8,34,0,6,8,2
16060,13,36,1,8,26,31
9239,10,14,0,4,27,23
8298,12,18,1,3,25,29
21047,12,20,1,4,28,1
35089,13,23,1,6,15,30
10608,11,6,1,4,23,8
10453,12,17,1,5,19,6
16811,12,34,0,5,2,39
11596,10,22,1,3,26,31
20235,18,14,1,7,17,28
7822,13,8,0,3,23,8
17679,15,19,1,1,26,31
33083,15,27,0,7,19,18
16943,14,24,0,1,19,7
15628,10,23,0,2,2,39
9770,10,40,1,4,28,1
17346,14,17,0,2,8,3
8269,13,14,1,4,16,5
8862,10,15,0,8,20,19
12483,13,17,0,2,20,19
20386,10,21,0,3,12,12
4851,11,2,0,8,5,17
8215,11,18,1,4,20,19
14069,13,37,0,2,20,19
16057,9,42,1,7,26,11
12044,16,24,0,3,1,15
7538,12,1,1,3,27,4
21289,12,12,0,6,9,13
8019,13,0,0,1,2,39
32691,15,20,0,5,16,5
15958,13,12,1,8,29,9
9772,13,19,0,5,23,14
28839,17,31,1,3,15,26
9929,13,0,0,5,7,40
8207,11,19,0,1,4,36
7091,9,28,1,3,7,40
10030,14,18,1,1,16,5
9029,11,22,0,2,19,18
11585,13,11,1,2,1,15
20606,13,27,1,5,27,4
15945,15,28,1,5,15,30
11974,11,23,0,6,15,26
8797,14,17,0,8,29,9
13848,14,26,0,5,25,29
13296,11,28,1,7,20,19
21310,13,23,1,7,28,1
10678,12,37,1,4,26,11
14004,12,28,1,1,26,31
16473,10,31,0,6,24,16
8141,16,10,1,1,7,38
5078,8,6,1,3,9,10
13239,11,30,1,4,20,19
6827,10,15,1,7,10,25
14611,10,24,0,3,9,33
7019,12,15,1,2,7,38
9910,13,16,1,6,17,28
17086,11,24,0,5,12,12
14260,15,36,0,2,27,23
16805,11,9,0,7,26,31
13802,15,13,0,7,7,21
12707,14,27,1,6,4,32
5185,12,21,1,3,29,9
20530,14,23,1,5,3,24
17088,13,23,0,2,26,31
19572,14,23,0,1,10,25
28356,11,21,0,8,3,24
19113,14,32,0,7,24,16
30686,12,22,0,6,27,23
19361,13,21,0,4,14,35
14771,16,15,0,2,27,23
13955,12,32,1,3,16,5
8622,11,10,0,1,20,27
13601,15,35,1,8,9,13
6783,8,24,1,3,7,38
13894,9,31,0,3,20,27
18533,11,20,0,1,17,28
32242,14,46,0,6,4,36
15356,16,23,1,5,1,15
8176,11,16,1,4,23,8
6640,13,9,0,5,23,14
10293,15,16,0,5,20,22
14463,15,20,1,1,19,6
12922,15,17,0,1,17,28
6105,13,9,1,3,7,40
9997,8,23,0,8,12,12
9717,16,19,0,7,27,23
19948,19,18,0,6,7,21
11375,15,6,0,5,13,20
4676,11,1,1,1,29,9
3624,10,24,1,2,15,30
19514,13,25,0,1,19,18
17738,14,32,1,5,20,22
6264,11,0,1,6,16,5
12922,18,20,0,8,28,1
10598,16,20,1,5,2,39
60339,18,32,1,6,19,7
13401,14,5,0,5,28,1
10093,15,10,0,8,8,2
10432,10,43,1,6,2,39
9558,10,28,0,6,20,19
22282,14,12,0,1,27,23
6781,13,12,0,2,27,23
9868,8,25,0,3,27,4
7837,15,9,0,4,9,13
8465,11,17,1,2,28,1
14723,14,31,0,2,12,12
11050,11,14,1,5,17,28
10660,16,11,1,2,26,31
14216,13,24,1,6,12,12
29704,15,16,0,1,26,31
12239,15,26,1,7,2,39
14423,14,14,1,1,9,33
14198,14,23,0,6,7,21
12042,9,23,1,4,24,16
8370,8,29,1,7,1,15
7519,13,9,0,7,29,9
24579,13,47,1,2,23,8
9763,13,12,1,8,4,32
10018,13,17,0,3,20,27
4115,11,11,1,3,2,39
11276,12,5,1,8,9,33
20826,13,27,1,8,19,6
12095,14,27,1,6,7,21
11346,9,16,0,3,27,23
25179,14,14,1,5,19,6
6419,14,14,1,6,15,26
14504,9,28,0,6,26,31
8850,8,15,1,2,8,2
10406,11,21,0,5,19,7
12464,10,23,1,3,16,5
9695,12,16,0,8,24,16
14536,11,29,0,2,27,23
4681,12,21,1,8,2,39
13734,11,26,1,2,29,9
7460,10,19,1,5,6,37
12051,17,0,1,7,19,18
15701,11,24,0,4,27,4
18202,12,22,0,1,1,15
5161,9,14,1,7,27,23
9940,14,12,1,2,15,30
19223,12,17,0,2,26,31
19387,15,29,0,6,20,19
17960,13,47,0,6,26,11
10289,9,15,1,2,27,23
14681,16,4,0,1,14,35
10653,14,0,1,7,15,26
9267,8,32,0,1,15,26
18353,9,20,0,1,1,15
8352,15,18,0,4,10,25
7390,15,15,1,4,7,38
13714,11,5,1,3,12,12
8128,18,0,1,6,7,21
11619,12,0,0,1,29,9
43798,12,22,0,8,26,31
20598,12,24,0,6,1,15
41874,14,25,0,2,26,31
7736,14,19,0,7,9,10
14892,10,37,1,1,17,28
17170,12,5,0,1,27,23
14322,12,34,1,7,7,38
15869,15,15,0,5,13,20
13305,9,31,0,4,8,2
13498,14,26,1,2,15,30
16653,14,14,0,7,17,28
17629,12,23,1,3,25,29
19224,13,22,0,8,8,3
3559,11,19,0,1,20,19
6895,16,24,1,8,15,30
12992,11,6,1,7,15,26
5900,14,29,1,2,9,34
18754,11,24,0,2,8,3
9216,9,19,1,3,17,28
21689,14,39,1,6,16,5
8165,15,24,0,8,5,17
24860,15,11,0,2,13,20
6058,13,25,1,7,26,11
16852,13,22,1,3,29,9
8079,12,5,1,8,8,3
12289,12,7,1,3,16,5
16049,13,18,1,8,17,28
8745,14,35,1,5,20,22
10919,12,28,1,4,5,17
6195,13,8,1,6,7,21
35920,13,3,0,3,12,12
17466,16,33,1,8,4,32
9377,13,22,0,8,25,29
9971,13,27,1,7,29,9
17240,15,23,0,2,20,27
14137,17,16,0,1,23,14
45337,18,19,0,3,13,20
3508,11,18,1,4,13,20
7538,13,7,1,8,4,36
14837,15,27,1,4,16,5
15273,13,30,1,1,27,23
5050,9,34,0,7,17,28
14841,15,17,0,4,7,38
9869,16,24,1,6,4,32
8410,12,9,0,7,10,25
12255,12,29,0,7,26,11
12718,9,26,1,6,24,16
15118,13,24,1,8,9,33
8156,15,4,0,2,15,26
8460,12,9,0,8,6,37
10737,13,12,1,3,4,36
10915,15,10,0,3,23,14
33809,19,24,0,7,9,10
16279,14,15,1,2,25,29
19712,12,21,0,2,27,23
21228,16,20,0,3,26,11
26274,16,27,0,1,7,40
15324,12,14,0,7,19,6
7711,11,22,0,3,7,21
34042,19,13,0,5,8,3
7786,15,0,1,3,19,7
12638,11,21,0,7,8,2
20266,18,15,1,2,15,26
10253,13,31,1,7,13,20
12134,10,32,0,8,7,40
16526,14,23,1,1,4,32
16814,16,30,1,5,27,4
11703,14,40,0,6,16,5
15621,13,11,0,5,19,7
13936,15,20,0,5,27,4
8947,16,13,0,1,13,20
21205,13,26,0,2,8,2
6666,12,11,1,8,24,16
20382,15,27,0,3,4,32
12562,15,20,0,3,19,6
4750,15,12,1,1,8,2
18613,19,19,1,1,19,18
7575,15,17,0,7,20,19
14770,12,38,0,3,29,9
20790,15,22,0,2,9,13
8969,14,27,0,6,15,26
6614,13,9,0,1,2,39
14639,12,24,1,4,26,31
22336,15,7,0,3,19,6
3856,17,3,1,8,20,19
10716,14,14,1,8,14,35
11551,11,20,1,6,19,6
9398,8,24,1,5,23,8
11498,14,17,0,4,8,2
14374,10,27,0,4,9,33
10655,10,4,1,6,8,3
12217,12,26,0,1,9,13
17651,9,32,0,3,16,5
8845,16,20,1,8,23,14
21681,15,56,1,8,7,40
10893,14,23,1,6,9,34
7856,14,22,0,8,8,3
13095,11,9,0,7,16,5
6427,10,21,0,2,1,15
10313,14,9,1,4,17,28
18827,16,33,0,8,9,34
9086,11,11,0,5,25,29
13189,16,9,0,1,7,40
4747,13,5,1,4,15,26
11718,13,25,1,5,19,18
18768,13,21,1,6,9,33
6834,14,7,0,3,13,20
20875,11,12,0,6,19,6
44114,18,27,0,3,28,1
18737,17,19,1,3,6,37
6866,15,3,1,8,17,28
15955,11,17,1,4,17,28
3931,8,18,0,7,23,14
8180,9,12,0,2,20,19
17818,14,17,0,1,17,28
9985,17,16,1,5,4,36
7570,13,13,1,3,20,22
12744,10,21,1,6,9,10
8797,9,27,1,6,8,3
11636,17,15,1,8,27,4
9076,12,11,0,4,8,3
12097,13,11,1,3,8,3
12421,11,37,0,8,9,34
12284,13,0,0,4,27,4
6858,14,0,1,7,20,19
8078,8,28,0,7,8,2
15952,13,17,0,8,19,6
24197,17,21,1,6,10,25
10697,15,27,1,1,2,39
9743,13,22,0,2,15,26
20057,17,4,1,7,8,2
12454,13,10,0,2,9,33
8532,11,28,1,3,25,29
8913,13,23,0,3,26,11
7243,10,18,1,5,9,13
20484,13,9,0,2,12,12
23057,15,26,0,7,9,10
15728,14,14,0,2,9,33
11701,12,30,0,8,27,23
19086,16,14,0,3,15,26
17464,15,31,1,4,2,39
11100,13,22,1,8,8,3
7674,11,4,0,8,19,18
18115,16,34,0,1,23,8
8756,13,0,1,7,20,22
4344,13,22,1,5,4,32
51213,14,27,0,8,3,24
24842,12,29,1,5,16,5
30655,14,25,1,2,12,12
8494,14,27,1,6,7,21
6731,13,23,0,3,20,19
13746,12,28,0,3,15,26
28464,15,33,1,7,7,40
24050,14,21,0,2,15,30
31251,18,21,0,3,25,29
19669,13,10,0,1,20,19
44807,13,26,1,4,3,24
7880,9,13,0,7,9,13
12005,11,16,1,2,20,27
17220,10,36,1,6,24,16
20726,12,21,0,6,10,25
16699,14,26,1,7,12,12
12430,19,13,1,8,4,36
13283,15,3,0,5,25,29
18047,16,11,1,2,20,27
17474,13,38,1,1,20,19
15518,12,17,1,7,19,6
9545,9,24,1,5,12,12
9485,12,20,1,4,24,16
9676,15,23,0,4,23,14
9038,12,31,1,6,5,17
10564,11,28,0,2,14,35
5812,11,26,1,4,28,1
7598,13,16,1,1,23,14
22185,19,44,0,3,6,37
7950,16,8,1,8,4,32
9877,14,13,1,6,23,8
9993,11,25,0,7,27,23
4226,14,10,1,4,9,34
9543,10,35,1,1,8,3
20902,13,27,1,4,14,35
14054,15,21,1,6,23,14
8069,14,14,1,4,15,30
20393,12,27,0,4,26,31
6810,12,5,1,2,7,21
13063,10,19,0,6,7,21
8210,16,20,0,2,4,32
12650,13,12,0,4,8,2
30358,15,11,1,6,3,24
4175,11,8,1,6,9,34
4601,10,16,1,1,25,29
7274,11,11,1,4,15,26
11368,15,24,0,7,27,23
8937,15,23,1,8,23,14
11059,14,19,0,8,10,25
15704,14,15,0,6,23,8
9883,13,0,0,8,6,37
7973,14,21,1,6,5,17
18046,11,31,0,4,24,16
15458,17,35,0,6,4,32
19720,15,21,0,2,16,5
19063,12,24,0,7,8,3
9152,13,24,0,1,20,19
19238,16,20,0,7,29,9
14578,16,13,1,2,4,36
17127,10,24,1,2,1,15
13926,11,14,0,2,1,15
15617,14,26,0,7,15,26
28832,13,31,1,8,24,16
4800,11,0,1,8,6,37
12364,12,21,0,5,12,12
9987,17,19,1,4,24,16
12245,13,24,0,1,19,6
8863,14,18,1,5,23,14
10792,13,20,1,6,14,35
11238,16,16,0,2,15,26
10675,13,17,0,1,25,29
18890,12,29,0,1,19,6
13245,14,37,0,2,9,34
16284,14,40,0,2,5,17
13348,16,15,1,7,27,23
38021,14,20,1,7,8,3
21049,12,40,0,7,25,29
7944,15,23,0,4,26,11
8151,16,17,1,4,2,39
15424,16,12,0,3,7,38
11687,12,0,1,3,27,23
14870,17,20,1,6,9,13
19659,12,17,1,7,1,15
10786,11,25,1,6,9,10
8881,13,8,0,6,4,32
9477,11,21,1,1,28,1
6546,15,17,1,8,23,14
10125,13,2,0,8,25,29
7895,14,23,1,6,7,21
12473,10,18,1,8,26,11
14067,10,41,0,6,15,26
5944,13,29,0,1,9,34
15430,19,16,0,8,20,22
11176,13,23,0,2,7,38
17152,15,17,1,5,27,23
12683,11,18,0,5,23,8
10238,13,17,1,3,14,35
8014,13,9,0,7,29,9
11568,15,18,1,5,24,16
6944,11,7,1,4,19,7
15978,12,24,0,2,9,10
5613,12,0,0,1,23,14
16817,16,27,0,4,23,14
10409,15,0,0,6,15,30
22858,14,19,0,3,27,23
7033,12,12,0,3,27,23
13298,14,21,0,4,4,32
12299,11,24,1,5,20,22
12766,10,12,0,7,19,6
5907,17,24,1,3,20,19
9161,9,23,0,1,14,35
4978,12,18,0,1,20,19
27296,14,39,0,5,24,16
17831,15,24,1,8,20,19
38953,13,28,0,5,13,20
22053,13,33,0,8,27,4
7148,10,17,0,6,13,20
16567,10,17,0,8,26,11
9026,13,3,1,2,27,4
9736,14,28,0,8,9,13
9035,11,14,0,6,26,11
8584,13,14,1,4,5,17
13594,16,39,0,5,2,39
5863,12,21,1,2,6,37
7322,16,15,0,5,9,34
17638,15,16,1,2,20,22
22310,12,35,1,3,20,22
17751,15,30,0,5,28,1
20589,14,23,0,2,10,25
34604,15,26,0,5,19,6
15542,15,4,1,7,20,27
32495,13,46,1,7,29,9
17977,16,15,0,3,13,20
9542,14,13,0,1,12,12
2503,9,15,1,2,20,22
10976,9,26,1,7,19,6
7835,16,0,0,5,10,25
13265,15,18,1,1,19,6
8857,11,13,1,8,1,15
8182,14,0,0,5,20,22
6578,10,5,0,5,14,35
6807,8,27,1,6,28,1
7655,10,43,0,8,19,18
10792,12,34,1,5,27,23
11594,11,21,1,1,12,12
11780,10,19,1,5,19,6
17835,15,27,1,3,15,26
16600,9,23,0,5,23,8
9847,13,21,0,8,4,36
12966,10,18,1,5,15,30
13400,16,17,0,7,7,40
11851,13,25,0,7,2,39
5318,9,28,0,5,8,2
13754,16,43,1,6,5,17
8551,10,18,1,5,29,9
7839,12,31,0,2,26,11
29497,13,13,1,3,27,23
22967,13,28,1,5,8,3
18444,19,13,0,2,7,40
17711,12,31,1,1,26,11
12099,14,27,0,4,7,21
5458,13,9,1,3,2,39
4024,11,0,1,2,9,34
7482,13,26,1,3,9,13
10137,14,14,0,5,20,27
10285,12,7,1,5,23,8
30637,14,24,0,1,20,19
16650,16,26,1,5,5,17
15852,15,14,0,4,19,7
26077,13,26,0,3,12,12
11714,12,3,1,6,7,40
30022,15,30,1,3,19,6
6069,12,36,1,2,27,4
8997,12,18,1,1,28,1
10209,17,6,1,2,4,32
24997,13,23,1,3,7,40
43444,14,31,1,4,9,10
20556,13,34,0,5,23,14
22480,14,5,0,8,3,24
8561,8,31,1,8,5,17
22707,16,25,1,7,7,40
4691,14,15,0,5,15,26
16993,9,18,1,5,16,5
14006,18,5,0,3,9,13
10876,11,22,0,3,9,34
9877,13,0,0,8,15,30
51406,15,17,1,6,8,3
17817,14,23,0,1,17,28
8784,11,22,0,5,6,37
9588,11,20,0,4,7,40
12392,10,13,0,7,8,3
6626,13,31,1,3,4,32
14629,17,26,1,1,23,8
5027,10,20,1,3,26,11
18231,13,16,1,1,1,15
19691,11,15,1,1,19,7
13678,16,17,0,7,28,1
10787,11,15,0,5,13,20
13449,15,20,0,1,9,10
19900,13,8,0,3,6,37
7490,13,15,1,3,10,25
16587,8,42,1,3,15,30
13631,14,31,1,8,19,6
7589,15,35,1,7,13,20
29075,12,28,0,5,7,40
16522,12,8,0,6,27,23
9849,12,33,1,2,26,11
12531,12,31,1,7,23,14
11504,10,12,0,5,14,35
16934,15,22,1,6,8,3
18043,17,30,1,3,4,32
4302,11,12,0,8,4,32
7142,15,16,1,1,12,12
11036,12,10,1,6,28,1
12187,12,20,0,4,13,20
14794,18,9,0,2,7,38
10434,17,14,1,1,28,1
11408,15,27,1,6,27,23
22653,16,22,1,8,16,5
6484,12,8,1,1,26,11
11914,14,22,0,6,9,13
20814,11,20,1,2,19,6
16092,13,30,1,1,4,36
8213,12,34,0,7,15,30
26357,13,29,0,8,17,28
11855,16,9,1,1,26,11
9150,10,14,0,3,2,39
9105,14,19,1,8,1,15
5693,11,5,0,8,20,22
12370,15,24,0,1,9,10
9388,13,11,0,4,23,14
32482,15,40,0,6,3,24
5234,8,6,1,8,7,38
8708,12,20,0,5,25,29
12825,13,29,1,4,8,2
17493,14,40,1,8,7,38
30800,14,39,1,6,27,4
5753,13,0,1,7,6,37
29491,17,33,0,1,8,2
8895,11,9,1,2,10,25
14640,14,27,0,4,12,12
13749,13,11,1,3,8,2
20152,9,14,0,4,8,2
16326,12,17,1,4,7,38
11423,11,18,1,8,8,3
15114,15,29,0,2,7,38
10643,13,16,1,6,20,19
32344,14,28,0,1,19,7
12256,11,8,0,3,12,12
47958,15,38,0,7,17,28
6389,14,27,1,3,4,32
15390,17,19,0,5,9,10
14047,16,29,1,7,2,39
7349,16,0,1,3,20,27
13503,16,22,1,3,16,5
12835,12,26,0,6,15,26
7054,10,16,1,8,6,37
14435,14,30,1,7,7,38
15768,12,16,0,6,9,10
6514,13,21,1,1,29,9
34608,19,20,0,8,27,23
13963,17,13,0,7,9,34
7002,9,30,0,5,9,34
9666,10,22,1,6,7,38
17370,13,19,1,1,9,10
18850,8,29,0,3,1,15
7502,14,14,1,1,23,14
15679,15,25,1,2,19,7
7305,12,11,1,7,4,36
19637,13,14,1,8,19,6
24378,20,32,1,6,16,5
5934,9,11,1,2,14,35
8693,10,10,0,1,27,23
4078,13,0,1,7,14,35
17687,15,16,1,5,9,10
10663,12,10,1,6,9,34
18881,11,27,0,8,24,16
17171,15,27,0,3,25,29
16836,16,12,0,6,7,38
5110,11,33,1,4,15,26
9891,10,21,1,6,12,12
10774,13,15,1,6,7,40
7011,15,14,1,2,20,19
20847,18,21,0,5,8,3
13312,16,21,0,1,19,18
5140,13,24,0,5,8,2
14512,13,28,1,5,20,27
9726,12,10,1,8,23,14
4891,11,11,1,8,9,34
19672,16,17,0,7,16,5
22287,11,14,1,5,26,31
11014,12,27,0,4,4,32
4034,9,19,0,2,19,7
6029,12,25,0,8,9,10
11957,11,33,1,6,12,12
5980,9,26,1,8,27,4
9688,9,8,1,1,19,6
17668,15,27,0,8,20,19
8047,11,24,1,7,27,4
11144,9,7,0,3,24,16
11757,17,18,1,6,28,1
7508,14,29,1,7,20,19
20641,15,43,1,7,24,16
11967,13,26,1,5,26,31
12174,14,30,0,6,27,4
4848,8,1,1,1,15,26
13066,9,13,1,1,1,15
7667,10,29,1,7,15,26
17959,12,31,0,3,19,6
12838,14,14,1,8,20,22
13425,17,22,0,3,2,39
10902,12,14,1,3,28,1
14043,13,22,1,6,26,31
10376,13,28,0,1,7,40
11120,14,33,1,8,7,38
2171,10,13,1,7,8,2
38674,17,18,0,8,5,17
7966,9,18,1,3,25,29
15215,12,26,1,6,15,26
4210,11,10,0,5,14,35
10844,10,32,1,7,24,16
9745,18,20,1,4,16,5
21659,17,21,0,4,13,20
6836,8,34,1,1,9,34
3186,15,19,0,2,6,37
21585,14,21,0,8,14,35
9426,11,35,0,8,27,4
8534,15,19,1,4,28,1
31417,13,16,1,2,26,31
17938,14,27,1,6,4,32
14262,14,27,0,2,9,10
8513,11,17,0,8,8,2
10309,15,24,1,2,4,32
16470,14,15,1,4,9,33
8654,16,30,1,2,23,14
6620,10,12,1,4,25,29
12986,11,31,0,6,19,7
21370,12,25,0,2,19,18
8283,8,28,1,1,12,12
13017,14,37,1,1,17,28
11088,14,25,0,3,26,11
29012,13,27,0,7,14,35
13180,9,20,1,1,7,38
9427,13,19,0,6,5,17
9227,9,15,1,6,7,38
6014,12,21,1,4,10,25
18264,14,22,1,6,7,38
23362,15,16,0,4,16,5
9021,11,21,1,1,8,3
7552,15,23,0,1,9,34
18087,14,38,1,7,26,11
7923,11,25,1,7,4,36
7486,13,21,0,2,27,4
10217,13,27,0,5,26,11
6334,13,21,1,4,12,12
12221,10,12,0,5,16,5
9256,13,18,1,5,24,16
19107,16,21,1,2,7,40
17703,16,21,0,4,4,36
9218,13,17,1,8,8,2
10901,15,24,1,8,24,16
12007,13,28,1,2,8,2
8862,13,13,1,4,6,37
10964,12,10,1,4,7,40
16669,17,15,0,3,9,34
14451,14,7,1,3,5,17
10456,14,21,0,3,10,25
13151,8,34,0,1,25,29
17446,16,39,1,6,15,26
8313,8,23,1,2,8,2
9901,16,8,0,4,8,3
21997,15,22,1,5,27,4
6868,12,30,1,6,7,21
8546,14,15,1,5,4,36
16787,16,21,0,1,8,2
14273,16,21,1,2,28,1
21957,14,41,1,1,10,25
8485,13,16,0,5,23,14
16705,13,15,0,3,1,15
12289,15,17,0,1,2,39
13203,11,45,1,8,4,32
20228,13,25,0,6,28,1
15264,17,7,0,6,6,37
13174,14,23,0,2,26,31
3079,8,21,1,5,20,22
17223,15,19,0,4,28,1
38273,15,12,0,8,9,13
8392,16,24,0,2,6,37
28785,14,34,0,1,8,3
17227,14,16,1,1,9,10
6178,15,19,0,1,15,30
12676,11,16,1,8,19,18
8859,13,37,1,4,20,19
14704,12,10,0,3,5,17
11203,15,22,0,3,19,7
9036,11,22,0,8,7,21
12156,11,22,0,8,15,30
12002,13,33,1,3,25,29
17709,14,16,1,1,19,6
18067,19,31,0,4,25,29
5072,16,14,1,6,9,34
10156,11,9,1,6,17,28
24798,12,18,0,3,12,12
27578,17,18,0,3,19,6
6189,15,20,0,8,7,38
28383,14,26,1,3,10,25
13539,9,45,1,8,16,5
7952,15,23,1,7,25,29
18090,11,36,1,6,1,15
15259,9,29,1,2,9,13
11009,10,21,0,6,17,28
14754,10,38,1,1,8,2
5147,13,18,1,6,20,19
5803,12,18,0,5,26,11
15883,10,32,1,6,17,28
17479,17,33,1,4,2,39
11689,14,30,1,4,9,34
9745,13,0,1,7,8,2
20695,12,25,1,7,24,16
4569,9,0,1,7,20,27
5304,18,22,1,3,23,14
11462,14,11,1,1,12,12
28862,14,17,0,2,19,7
24763,15,19,0,1,7,40
10809,12,37,1,5,19,18
7366,13,0,1,6,9,13
14443,15,6,1,5,10,25
8433,14,1,1,1,17,28
12225,13,16,0,4,16,5
17863,16,23,0,6,3,24
5583,13,19,1,3,9,13
4907,10,0,0,2,27,4
6378,11,24,0,8,23,8
12931,13,21,0,8,17,28
16110,14,4,0,7,19,7
8129,11,3,0,4,19,7
15876,13,40,0,8,27,4
11332,14,9,1,8,7,40
52156,12,17,0,2,3,24
20516,17,27,0,3,24,16
9798,14,16,0,4,7,38
15077,13,32,0,6,27,4
11092,14,30,1,6,9,33
14007,16,32,0,4,23,8
8724,11,28,1,5,2,39
5373,8,0,1,7,25,29
11925,15,18,1,8,8,2
8730,10,20,0,4,20,19
11150,10,7,0,2,7,21
18598,15,17,1,1,25,29
13319,15,27,0,5,19,18
23116,13,28,0,8,9,13
12885,16,26,1,3,7,40
18492,11,11,0,4,3,24
8096,14,18,0,5,25,29
9878,10,0,0,6,13,20
16932,16,5,1,6,10,25
23132,13,29,0,8,8,3
11281,11,24,0,1,7,38
27010,15,26,0,6,15,26
18218,15,35,1,8,23,8
10397,16,31,0,8,20,19
8625,11,5,1,5,8,3
38809,13,23,0,8,19,7
12548,16,9,1,2,7,38
6405,17,9,1,1,29,9
8005,15,19,1,5,5,17
17754,14,10,0,7,12,12
17526,12,27,1,3,7,38
6352,13,19,1,7,15,26
7451,14,8,1,6,13,20
19107,16,29,1,3,9,10
20440,15,35,1,8,4,36
3722,11,21,1,3,9,13
9192,9,21,1,2,14,35
9385,13,16,1,8,26,31
9327,17,21,0,2,7,38
11556,12,27,1,7,5,17
9242,11,8,0,3,2,39
8263,11,3,1,4,2,39
10104,12,32,1,7,16,5
36739,14,52,1,4,17,28
5771,9,13,1,6,20,19
11778,13,14,1,4,17,28
7035,18,24,1,8,5,17
17953,12,34,0,2,1,15
12240,14,26,0,2,29,9
6239,16,8,1,1,23,14
37876,18,25,0,3,3,24
8129,10,31,1,2,23,8
9491,12,14,0,2,7,38
13833,14,21,0,3,9,13
17702,12,39,1,5,19,7
13454,15,23,0,6,19,18
7504,12,13,1,4,15,30
29222,14,19,0,3,26,31
8856,12,3,0,3,16,5
5120,13,0,1,3,8,3
17754,15,24,0,8,7,21
26491,17,20,0,8,1,15
7269,11,23,0,2,26,11
19740,17,26,0,6,16,5
7619,9,18,1,6,4,36
12525,15,28,1,4,9,34
8353,11,29,0,6,9,10
11872,11,15,1,8,28,1
11653,14,22,1,6,24,16
15752,10,31,1,7,9,13
12044,15,23,0,6,19,18
47307,16,28,1,3,27,4
7383,12,17,1,1,26,11
15621,14,15,0,4,17,28
18701,17,43,1,5,15,26
15977,11,20,1,8,13,20
29004,11,17,0,7,8,3
33019,17,32,1,6,19,6
10018,8,13,1,4,2,39
19148,15,12,0,2,16,5
6350,9,27,0,5,13,20
7984,12,21,1,3,7,40
15695,13,34,1,5,25,29
11398,15,20,0,3,20,19
12086,13,19,0,6,19,7
22238,12,15,1,1,3,24
17689,14,15,1,3,26,31
4826,8,15,0,3,9,33
25676,14,17,1,5,13,20
13672,10,18,0,5,25,29
4270,8,20,1,2,7,40
14755,12,32,1,2,19,6
12241,15,1,1,4,9,34
12857,13,20,1,1,17,28
35751,12,33,1,1,13,20
9203,16,7,0,3,16,5
33616,14,33,0,3,7,21
11825,17,23,1,5,2,39
7949,14,0,0,1,20,19
6001,11,16,1,6,7,38
8283,9,22,1,8,26,11
6272,11,11,1,2,23,14
5124,8,23,1,1,6,37
6872,14,25,0,1,14,35
7875,14,10,1,2,6,37
12087,13,21,1,8,17,28
19458,17,30,0,1,16,5
19038,11,25,1,5,6,37
14529,14,24,0,7,17,28
4919,12,12,1,6,20,19
18092,14,17,1,3,23,8
9126,13,28,1,6,27,4
7976,8,40,1,8,23,8
18157,14,8,0,6,12,12
12618,15,0,0,7,27,4
5381,11,6,0,8,23,14
10383,12,32,0,7,4,36
9378,12,28,1,3,23,14
15769,14,30,1,1,15,30
7862,11,20,1,8,5,17
12910,14,16,0,5,13,20
6024,10,0,0,8,27,4
30874,11,46,1,1,20,22
34315,16,21,0,1,17,28
21357,12,23,0,2,17,28
21679,17,9,0,2,9,33
11792,11,13,1,6,24,16
27940,16,39,1,4,23,8
11570,14,17,1,8,8,2
19404,17,8,0,2,25,29
14195,12,40,1,1,2,39
12521,15,9,0,2,4,32
13025,15,18,1,3,26,31
5350,10,31,0,5,29,9
7702,10,18,1,7,1,15
14863,16,33,1,4,16,5
28133,11,12,1,4,24,16
29715,10,33,0,7,8,3
4909,14,17,1,6,20,19
18383,11,15,1,3,25,29
17190,10,19,0,5,19,7
21742,12,11,0,4,1,15
14640,13,26,0,5,19,6
12651,17,22,1,1,27,23
15177,14,17,0,5,19,7
21834,10,25,0,2,8,2
7359,9,10,0,6,27,4
5235,12,1,1,3,19,7
4501,14,21,1,6,8,2
9667,14,10,1,6,28,1
10126,16,25,1,2,10,25
27788,15,19,0,3,13,20
23335,15,27,1,6,12,12
18233,14,35,0,1,24,16
5229,10,13,0,5,10,25
5059,10,5,1,2,23,14
15906,12,6,0,8,9,10
13771,13,16,0,5,7,40
24009,17,21,1,7,19,7
12858,13,23,1,2,9,10
10692,9,20,1,4,19,18
9580,10,15,1,8,23,8
8150,16,21,0,5,14,35
11039,14,11,0,7,24,16
31780,11,39,0,8,8,2
12840,16,12,1,1,20,19
4865,9,17,0,2,15,26
9116,15,23,1,6,8,2
10062,15,32,1,2,27,4
8752,9,22,1,8,9,13
5666,11,22,1,2,19,18
4387,13,0,1,7,23,14
4772,9,17,1,7,7,21
7417,14,31,1,2,20,19
8766,10,20,1,2,3,24
11597,12,28,1,6,19,6
17332,13,31,0,6,16,5
9878,11,13,1,8,16,5
6384,18,19,0,7,9,34
2793,9,11,1,5,4,32
26390,14,25,1,6,12,12
26462,13,31,0,7,19,6
11326,11,30,1,8,25,29
18158,15,39,1,7,20,27
11313,16,20,0,4,4,32
7063,18,23,0,2,10,25
7564,13,0,1,4,29,9
8936,16,16,1,1,2,39
15792,12,31,0,6,7,40
14219,15,12,1,5,24,16
7282,13,19,0,8,19,18
20624,13,37,0,1,5,17
8589,8,19,0,3,15,30
9263,13,8,1,8,15,26
10408,13,28,0,1,7,40
8825,13,13,0,5,7,38
20520,14,17,0,4,29,9
29350,14,32,1,8,17,28
7148,11,14,1,3,9,33
2611,15,17,0,2,4,32
11780,11,11,0,4,1,15
12465,15,23,1,4,13,20
8218,16,9,1,5,20,22
34876,14,30,1,8,15,26
7888,14,22,1,3,23,14
10885,11,21,1,6,4,36
15305,14,9,1,7,27,23
5367,8,12,0,7,19,18
4394,12,25,1,6,6,37
16535,13,15,0,1,19,6
11519,11,21,1,7,27,4
6064,12,5,1,2,15,30
16492,13,19,1,8,7,21
6508,14,38,1,7,9,34
17676,20,14,1,1,16,5
3742,12,13,0,7,20,27
8653,14,15,1,5,17,28
26814,20,33,0,3,23,8
7118,11,15,1,7,20,27
8953,12,20,1,7,15,26
14845,10,23,1,1,28,1
18219,12,35,1,2,26,31
20795,16,18,0,4,4,36
8316,13,18,1,8,15,26
18964,10,46,0,7,7,21
8433,16,15,1,7,9,10
10930,11,19,0,2,1,15
11370,18,13,1,7,4,36
12096,13,14,1,4,19,7
6470,9,21,1,4,7,40
4256,8,33,1,2,23,8
28136,15,22,1,6,26,31
22921,14,22,1,6,27,4
6570,11,19,0,8,26,11
3330,12,3,0,6,2,39
8141,14,12,0,3,10,25
18406,14,31,0,4,20,22
19760,20,16,0,5,7,40
13590,11,33,1,4,27,4
12179,12,25,1,4,27,23
11410,13,21,0,7,29,9
5777,10,9,1,5,23,14
5745,9,23,0,8,29,9
15563,11,31,0,7,27,4
16442,13,1,1,4,7,40
14324,11,25,0,2,8,3
9374,14,14,0,3,15,30
11111,14,15,1,2,15,26
9468,14,24,0,1,7,38
21730,17,26,1,3,7,38
13651,16,6,0,7,24,16
16853,12,12,1,4,17,28
6365,9,5,1,5,2,39
8987,13,18,1,8,5,17
6965,13,28,0,8,4,32
11232,13,20,1,2,24,16
14246,13,10,0,1,7,40
24162,17,15,0,7,24,16
14712,14,26,1,1,23,8
11547,15,22,0,4,2,39
6221,10,21,0,6,23,14
7385,12,35,1,3,9,13
10109,11,6,0,1,13,20
7452,13,23,0,3,10,25
11451,13,13,0,4,17,28
9393,13,0,0,2,4,36
9406,15,29,0,2,2,39
14800,14,29,1,7,12,12
10955,16,25,0,3,2,39
12261,13,17,1,5,17,28
36887,16,26,1,8,14,35
19765,18,29,1,5,14,35
15493,11,7,1,3,10,25
16024,15,27,1,2,19,18
11967,15,16,0,3,9,13
12818,14,24,1,3,15,26
21502,18,5,0,6,4,36
20844,17,23,0,2,7,40
30726,16,36,0,3,25,29
25897,16,1,1,1,12,12
4558,14,19,1,3,20,19
3444,13,3,1,2,5,17
18794,11,28,0,3,8,3
19736,18,21,0,6,4,32
8428,11,24,1,4,2,39
8912,14,19,1,2,20,22
8346,14,12,1,5,24,16
14690,10,19,0,2,29,9
16975,13,36,1,7,20,19
21315,15,20,1,3,3,24
13063,14,24,1,8,27,4
10723,15,37,1,1,4,32
2891,13,6,1,4,20,27
6820,11,17,1,2,10,25
9603,8,29,1,4,5,17
3771,9,15,1,1,15,26
18530,17,14,0,4,15,30
8144,10,24,1,7,15,26
22057,14,42,1,7,26,31
13480,13,16,1,2,16,5
22272,14,21,0,3,24,16
8517,11,9,1,6,27,23
18720,15,19,1,5,7,40
15554,12,28,0,5,15,30
12486,12,23,1,3,23,14
5047,11,22,0,6,26,11
25204,16,35,0,8,9,13
8083,10,31,1,4,9,33
13099,14,27,0,6,20,19
14849,12,17,0,3,8,3
12798,13,12,1,1,15,30
10837,13,24,1,2,29,9
16171,10,22,0,8,13,20
5721,11,28,0,4,1,15
18538,13,15,0,5,3,24
10545,13,14,1,8,4,36
5559,14,5,1,2,10,25
18157,12,40,1,6,25,29
24467,15,29,1,4,26,31
2694,10,10,0,3,25,29
9318,11,23,1,3,17,28
9674,13,14,1,8,23,14
30817,15,27,1,4,4,36
7400,12,12,0,2,17,28
6751,11,21,0,8,9,34
8704,8,29,0,4,9,34
4244,12,28,0,8,29,9
13635,11,16,1,6,24,16
4178,10,13,1,1,9,10
9195,11,15,1,2,19,6
27691,15,29,1,5,17,28
10182,11,14,1,6,1,15
8361,11,8,1,6,20,22
20506,13,50,1,4,25,29
5487,11,20,0,3,9,13
18028,12,33,0,4,23,8
16750,9,18,0,5,19,6
11113,12,19,1,8,8,2
14376,13,37,1,2,14,35
10852,15,29,0,7,7,40
16089,13,31,0,2,9,34
17822,13,11,0,1,20,19
5847,9,20,0,6,27,23
8412,13,10,0,4,25,29
11896,15,14,0,6,8,2
8805,10,21,0,3,9,13
5903,8,16,0,8,6,37
7114,15,23,1,7,6,37
17569,11,39,0,6,24,16
22133,12,28,0,1,23,8
35968,17,40,1,5,1,15
18368,19,7,0,2,27,23
21337,15,30,1,1,9,10
4422,17,4,1,4,4,32
8152,13,19,0,8,16,5
12115,13,35,1,3,4,32
19323,13,21,0,7,19,7
13569,11,28,0,8,20,27
9415,10,10,0,6,9,33
14071,13,10,0,7,15,30
44434,13,38,1,8,26,31
16381,16,51,1,4,20,27
12409,16,26,1,7,26,31
16309,12,13,0,6,19,6
22462,15,24,1,6,14,35
20696,14,27,0,4,1,15
18990,8,29,0,6,15,30
10899,11,11,1,6,25,29
10485,12,6,0,2,9,13
8320,16,28,0,3,9,13
20847,14,17,0,1,29,9
4794,9,19,0,2,23,14
15436,14,39,1,3,7,38
18207,12,18,1,4,15,30
7765,11,24,1,8,15,30
19737,8,39,0,7,16,5
16897,17,29,1,8,9,13
30622,12,43,1,3,19,6
12656,12,14,0,3,19,6
9130,10,9,1,3,13,20
5431,13,8,0,7,4,32
8051,9,14,0,2,15,30
18831,12,37,1,3,25,29
9308,12,0,1,2,19,7
3689,13,15,1,8,4,32
4504,10,22,1,2,20,27
18381,14,32,1,6,1,15
12695,13,19,1,3,12,12
10745,17,23,1,2,9,33
22016,14,22,0,7,8,2
34975,13,48,0,3,13,20
24303,10,32,0,7,23,14
8195,15,2,1,2,6,37
12755,11,18,1,1,7,38
11801,14,25,1,1,9,34
8050,10,25,1,3,6,37
4983,12,8,1,8,9,13
15075,16,10,0,5,20,22
19709,12,30,1,5,19,7
8666,17,20,1,4,6,37
29894,13,39,1,6,3,24
4499,11,5,0,2,16,5
15013,13,17,1,5,9,13
15071,11,23,1,7,9,10
7260,8,18,1,1,15,26
11930,16,2,1,5,23,14
11110,9,9,1,5,17,28
12584,13,12,1,8,9,10
11374,13,12,1,3,20,27
14572,10,25,1,1,19,7
16655,8,23,1,8,10,25
6468,10,4,1,6,2,39
20090,14,14,1,3,8,3
7325,14,16,1,3,7,38
6597,19,0,0,1,4,36
11792,10,20,0,7,8,3
33699,16,26,1,1,15,30
11084,17,6,0,2,7,21
21996,13,54,0,2,17,28
16047,9,21,0,7,12,12
50319,15,23,0,7,8,3
7904,12,24,1,1,15,26
14800,14,13,1,1,16,5
19541,12,24,0,5,9,10
19430,8,14,1,3,12,12
12599,16,38,1,7,9,34
13601,12,17,0,3,27,23
16644,14,21,1,3,8,3
19102,13,29,0,3,20,27
4957,17,1,0,4,19,18
16481,15,21,0,1,17,28
11119,17,8,0,5,2,39
17580,16,33,0,1,20,19
5167,13,18,0,5,9,34
12031,13,16,1,8,9,33
17867,16,21,0,8,15,30
14241,12,26,0,5,26,11
8436,12,25,0,6,29,9
4776,12,9,1,8,7,21
24657,13,26,0,6,4,36
8529,13,18,0,7,15,26
21003,14,25,0,1,10,25
19036,14,21,0,5,20,22
11541,11,19,1,5,3,24
10583,15,0,0,6,26,31
14829,9,29,1,2,25,29
15507,15,13,0,1,10,25
13717,15,18,0,1,10,25
9269,16,4,1,7,8,3
7419,13,13,1,1,16,5
40146,10,30,0,3,19,6
8618,11,24,1,6,5,17
25113,13,32,1,7,7,38
34064,14,32,0,8,19,6
27625,12,17,1,6,13,20
11954,16,26,1,1,23,8
9610,13,14,1,8,15,26
31444,19,21,0,7,13,20
16124,15,30,1,8,8,3
7715,15,0,0,4,17,28
12434,13,14,1,6,28,1
6990,11,11,0,8,4,32
10250,14,6,1,7,23,14
16759,13,11,1,4,8,2
27289,12,39,1,8,17,28
15898,13,24,0,8,6,37
24127,18,21,1,6,7,38
8068,11,0,0,5,20,19
4477,13,13,1,6,9,10
8916,11,18,1,2,9,33
11646,11,29,0,3,17,28
11919,12,28,0,8,16,5
10770,17,12,0,6,23,14
28073,15,16,0,7,19,6
23193,10,28,0,7,3,24
7271,12,18,1,4,24,16
11870,16,15,0,8,6,37
12699,15,28,1,1,20,22
2678,8,9,1,3,16,5
11082,15,11,0,7,14,35
26962,13,24,0,8,1,15
6409,11,26,0,2,2,39
12511,13,25,0,7,26,11
24218,11,41,1,7,19,7
10009,12,8,0,1,10,25
6423,11,33,1,8,20,19
22113,12,33,1,7,29,9
7764,14,20,0,2,15,26
10162,10,18,0,2,24,16
9030,10,26,1,7,27,4
8089,12,28,1,6,23,14
14054,15,9,1,7,8,2
18658,11,37,0,3,7,38
18511,15,33,1,5,27,23
11526,13,14,0,7,23,8
12107,14,7,1,3,7,38
16667,12,10,1,4,17,28
13252,13,28,0,1,12,12
7637,12,23,1,2,8,2
47112,16,33,0,8,25,29
17129,18,21,1,8,20,27
9722,16,18,0,7,9,13
11255,13,23,1,4,23,8
8052,10,15,1,7,27,23
14621,13,21,1,3,4,36
10523,13,18,0,7,19,18
21009,14,19,1,8,1,15
9951,10,23,0,1,19,7
14461,17,17,1,8,23,8
4936,9,16,1,1,7,38
16947,14,17,0,6,2,39
11888,15,28,1,5,19,7
12864,17,17,0,8,7,38
18873,13,22,1,5,23,14
6477,9,18,1,5,9,10
16324,13,2,0,4,8,3
7360,11,5,1,4,24,16
8095,15,9,0,2,23,8
5842,12,25,0,8,15,26
11030,14,18,0,3,9,13
18903,10,25,0,1,19,18
27272,16,16,0,7,26,31
23572,13,28,0,8,28,1
22847,12,26,0,5,24,16
11202,9,27,1,8,23,8
11338,12,9,1,1,17,28
4688,13,22,0,2,20,19
9664,13,32,0,5,23,8
9127,14,10,1,3,27,4
16541,19,1,0,4,8,3
