"y","x1","x2","x3","x4","x5"
-2.66918013539005,1.25608910700123,1.64081308525979,-1.22011145427543,0.303880745202338,0.843371635059696
6.20769769110748,2.60496690371148,2.26643874965353,1.78112131386634,0.965014734319826,0.820844100154608
2.21584946455763,0.610830760474457,-0.696688283133279,0.601007570897885,0.353198794533617,1.11600084107027
3.22265515179008,1.15357372519841,0.342751380742314,0.734332393432112,0.274088006360716,1.67061249685003
4.4683110849259,1.5149721680214,1.04628588775143,-0.580529170268783,2.25835798665787,1.35642332275204
6.04424953205676,1.00661940161852,0.917824462905042,0.7391923465295,-0.127799484513105,0.560107411934992
2.47117126762269,1.73142127585358,2.5233393121118,-0.642621613663242,0.380765410136292,-0.476734525090873
9.14127101554867,2.61323874307143,0.484263590100903,0.754916038035736,0.179747720290453,-0.136452639146934
5.7421183037862,1.63739210927955,2.07782792437224,1.08278152619181,1.78390020786628,1.40343273968563
9.07042247533598,1.8910462436815,1.39096234806908,2.19600257323659,0.935016175286299,-0.331597857213288
4.06424743239399,1.92927964118942,0.981154159112007,0.614600093684275,0.564760023046123,1.25788510979978
5.10132916805454,0.632905570097466,1.48440003868785,1.2900129153085,1.66781709993928,0.196007720163306
7.5660636559045,1.32480114282941,0.0762761907963423,0.99058803203351,0.948477306503635,-0.282376324630896
-1.3251828302532,-0.342902178085381,0.849586499787881,2.51316391182517,0.675620700844062,3.23036451790757
6.2668974362863,1.26281892674328,-0.595994592184468,-0.769489848968899,1.26714156955437,2.81792498843597
0.684345467257955,-1.19999610640275,0.559948986027986,0.280847936960114,2.48591777062853,0.362358612577758
2.85686797048678,0.810572023509073,0.912818624776327,2.12993034461617,3.49039660941848,2.44980297175832
-0.370981490262056,-0.655251272237133,0.134730749582601,2.02011726620954,-0.129920166046391,1.49314732590812
10.0358600450452,2.80393769551652,1.30635930715765,2.2375824096737,0.00555585257882152,1.84451830214404
12.5074662902042,3.28721371081453,0.791458257781456,1.93494873516555,-0.811803788464926,0.991221412554207
14.1840782468286,2.92608583282511,1.77934793641528,2.13235342881455,1.01195532927056,0.513184790029311
5.40181378728258,1.48388852870229,0.662149595783094,1.26437027517944,2.41556141897589,0.72971650152246
2.88121672159637,0.500460062234969,-0.252882795313866,0.587859329799253,0.169137724512792,1.66188549923731
-3.18362284087898,0.715258919813987,2.49102790078165,-0.41558813214934,1.55418514796166,0.514938587431093
12.0807064152698,1.78437785495694,1.21920983510628,2.66216329272347,0.309170437513215,0.0170693174066512
5.01936278730337,0.509354921085496,0.737463245293026,1.16025857320263,0.492876955182301,-0.850783455745315
6.62830741178451,1.65818930856571,2.91502614418915,3.55279966404678,2.57321785085001,0.3652700903966
12.3640848771536,2.54199282457946,-0.0977811946285545,1.56156147308546,-1.19779338558973,2.19676273913532
4.19033091428736,0.633830924343535,1.60855938991648,-0.587425754339917,0.163969513642476,1.05202571917869
3.12922389449437,0.726313797440111,0.504765706000933,0.255056918752869,-0.38948780140223,1.77122318671376
4.35610921967309,-0.186772019097058,0.932526736325224,1.52258512001944,0.243737003518371,1.27886535091756
0.0535049915823134,0.960573823989284,1.9113413699854,0.758834873168656,1.45064690253455,0.7375944500004
5.7368323253413,1.52242383515674,1.82227036692319,3.66063989463754,-0.360999640226598,1.08650867524774
3.53568618260931,0.892387450116843,1.39057631489399,0.807207645915264,-0.657105397907451,0.269999346325041
4.67816066438622,-0.766948350940328,2.33592617879561,2.82980528541172,1.91177654457368,0.839486213664446
-0.792455446377644,0.441444798985666,2.36060276098455,0.768255162322775,0.438374923275658,1.80306934586104
1.08255730427979,0.928240201046836,0.484440723468638,0.43434903110981,0.834496330139744,0.565718212959541
4.74719145260721,0.587581194946867,1.92651586419383,2.28603775803767,1.82468680179134,-1.08377417595202
0.989371360542187,1.24990763341785,-0.875263915771141,1.31674661787899,0.364852638058914,1.9475983362954
-4.2973422674434,-1.91587898840153,0.938375324062925,1.00860608176619,1.95004516114321,1.99602643916471
7.00342375538738,2.0314429902399,0.276971179007112,2.20315472804256,1.92719987239426,0.867496808705536
-3.63069376474522,0.810316580946648,-0.314453728817895,0.54895742469496,-0.0232114112233741,2.56563759908205
8.23998839566828,1.79159365404343,0.624450075419796,0.748747705167841,0.20450497199913,1.72098506824957
2.41999436914725,2.5985319610028,1.41697913390029,1.43391485006697,0.983426765405557,1.67775538561889
2.15763997149698,1.3827114022759,2.50522067727846,1.33735200328559,1.30461389549897,0.391249101137298
3.24651874862852,1.11407648231491,2.12139386166062,0.821080578870976,1.25046804542266,1.73461800497978
1.41310008018113,1.30503762734017,-0.361502541639346,0.585741676718443,-0.121300716888539,2.37952868433856
6.45552307408548,0.214887594390035,1.9148792640151,0.369879302987362,1.15942240158793,0.981535102375798
3.19066599505144,0.607519470327887,0.273286050583102,0.64624687272566,0.829443714709826,1.24089351342592
1.86255811238541,0.72357157377105,0.329541091883379,1.0639773169105,-0.0956613521019929,-0.544137986357071
0.153352042565695,-0.204455249171514,0.988793120347616,1.62805063076316,-0.169970786190069,0.347447348847356
2.707631482573,-0.569420826713471,1.36189397485396,2.40336289375904,2.79092284936332,1.26349872029069
8.46414693901811,2.06918517102573,2.11909782613215,1.39027503061129,3.29657066607172,1.40851116837825
6.19746452127008,1.66093180222652,3.01248964149613,2.296801664866,1.10775283307527,2.25104951364947
9.20379232562037,1.64646347322367,0.362832615588307,1.42908962844679,1.77607605098974,0.36626246854179
5.89107150065483,-0.3720039576603,-0.295643878831061,3.32052187899038,0.555110090243494,-0.536063934107563
5.80861622418995,2.21321475323421,2.19892797015912,-0.0421767086623928,0.270209323376054,0.646678203681502
1.69933330332541,1.20979107470158,1.25472559277786,1.13672507675291,0.691059136070061,1.14445462894816
4.93890130416053,1.64834561676434,-0.718173348978591,1.3639072530078,-0.310601878804559,0.950697125578945
1.27820151629844,1.01990488212657,0.98675908172238,2.25692798478208,3.1706461378252,1.81939178864751
5.53421423396815,0.776990563706786,0.0723577757416648,2.05162410338925,1.48923302089838,1.08882996323175
2.1509894113564,-0.011210639410643,3.29620560185146,0.172500773731761,1.37397442182354,0.952053913165869
6.01368853967025,1.18958707693955,0.503229402813619,1.14793215150698,0.0482619412394466,0.45657479749927
5.03807904843933,0.524310582261689,0.0725452494668417,1.11620365914263,-0.0216615042932746,1.06345466039223
7.78723538325264,1.52545716339032,1.87992724173614,1.69784583415365,1.31004646485996,0.228353697185473
0.00174021618507281,0.21999698439334,-0.755285803597257,0.0748097769177074,0.459190737365733,2.42667652460421
5.00809933718655,1.0422035804244,0.479820905703809,1.33498291665957,-0.615908484274947,1.13254179434043
-1.96831205934473,0.0313657154508076,1.12930620003202,1.02804299939851,1.17782092202439,-0.204096816173763
1.86784095696731,1.53981141495686,1.14928141329682,2.25145854593997,2.51907975727591,1.6976566405056
0.259576636139746,1.62568185991201,0.927120616855888,0.672168683832018,1.81380619236942,0.0403428519672669
4.21261397872578,1.67029439830818,1.01232729203252,1.68680646262113,-1.21381024967806,-0.316705979251232
15.0651582466146,1.75064642003293,1.65440540116624,-0.432138827772973,-0.0599736510849915,2.82269677066117
3.86867478496291,0.301378598243964,1.27907991185679,2.58923494871975,-0.0627351191231769,1.51971389432856
3.12652137257958,1.12278232294485,0.804246238197994,2.1884749634383,-0.452978655953435,1.37685149158581
6.48140230499285,1.83693469463887,0.355410710946206,1.15193946673694,1.13540137223832,2.33201200454745
2.18617624968216,2.04482630835771,0.481769659786185,3.27275607250436,1.33126499433846,2.98617704792312
-2.23211553329583,3.28302331065424,1.22650995609689,1.13995092551798,0.0835370889726428,1.245881431919
6.4341057897192,2.43568884387487,0.661305887568408,-0.116245277290884,0.396227934200765,0.962160581095183
-2.93483442500263,-0.0986627025113924,1.2800334372174,-2.34398323239862,0.796384704946329,0.362885761966066
2.43473572457571,0.132993596181275,0.800531190755313,2.30852348645076,0.698087401652408,1.24368356407528
4.04859859444363,0.986303447646802,1.41303708304647,1.39491792885733,-0.0440153869364051,-0.992513045822296
-0.81027559193314,0.993747340744657,0.862634209933409,-0.215551711893548,3.06290185279246,1.51572304456217
2.71948164109736,0.937659380991823,-0.620080720936097,1.71365990760503,0.959164533410145,1.39705412045898
7.05470148208469,0.436055622097448,0.285059205942665,0.1170062132857,-0.651589759340238,1.01343237138389
6.26095611213743,-0.635039899944349,1.14264995260111,2.26879050626096,0.335553534306539,-1.77183339151024
2.29353308644552,2.02904774759091,1.25745512721559,0.680636911805644,0.428467394463165,1.54736987863156
1.46844966377365,0.623359140365246,0.0521091237320902,2.13277282813219,2.05932725847007,-0.0533649403632628
-2.04851269175654,0.863882965264469,0.64232570374093,0.328715673220079,1.05072437490533,1.31890053965255
9.83116223036663,2.75822481425418,1.54617933074347,1.69368640558309,1.43557372308865,2.01893973778861
2.74779464080025,2.6754288266393,0.232949719686054,1.34371173653191,0.630707063078111,2.2234861082451
0.875356111862362,-0.489267255278383,-0.0492441838444861,2.30198152952716,-0.644971557433252,-0.728730780246627
-6.88140774701991,0.457490621586448,0.358522121551523,0.337139764442464,1.33701713393226,1.08068561005835
1.57187749236862,-1.56577125768557,2.97032423441799,1.47094044264796,1.25087778994119,2.49047902294298
-1.29392199515781,-0.386143330866799,1.61556939874111,1.29907136532599,1.20884039638397,1.21296195890364
2.64536492860205,0.0353838902837397,2.55322749215174,1.20060181837069,1.27697492202022,0.22275449695135
-0.0589788223261828,0.580775395664994,-1.89485453424904,-0.418607195845121,1.01135742389896,0.261561745884886
2.93925816677755,0.730169175227347,-0.225226742958387,1.24966156057209,4.16266829466083,-0.50986109851792
3.8879253948102,0.317467000006938,2.39344130680892,0.342071537892697,1.73344154717879,-0.369904121727363
-4.73552032002403,1.34464198510653,0.855973987936851,-0.425973114312324,0.325044187196998,3.11439817874757
-2.93623090889708,0.218938485001326,1.71712166109973,-0.0672636958203376,1.20140005359573,3.00604788686764
0.0437023750074363,0.575766829176016,1.509040113498,0.712780519606963,2.36801440458403,-1.43709250102555
6.39575698587417,-0.290225839445853,-0.0382657515130629,0.710101106752687,-0.0624267459630745,1.49634185936699
1.42335810973113,-0.62236098515532,1.03705530874295,2.63181479179312,0.351270236577394,2.12777167811153
3.03924924587594,0.198587512304524,0.985184918129457,2.85331646340371,1.88700704230666,1.2673367136127
6.35474932885882,0.300510503040112,-0.0228508228178548,0.683128707048557,0.989576930931308,0.223191682220621
6.82273222343704,0.704962587327176,0.750701331863026,-0.818203441719451,0.862834718706111,0.123762367267926
8.87728150487829,0.94275511230246,1.8594577218501,0.846224470309355,2.20820807274807,-0.0619957722310884
4.85368341664576,1.03771910923964,1.24783412023821,3.23931648720917,0.543804204723701,0.496046219794355
12.4529009504646,1.37965808125462,1.4439775712487,1.71223725854992,1.48906104210342,1.46196559034007
2.9435241836449,0.690974171942743,0.0254751223146924,2.64105537813366,2.24684708439363,1.938173591369
5.91973279983566,1.5747357659418,0.857821950255033,0.573904861690707,0.583626271250194,-0.574091935266176
2.4354190788029,0.396894713047256,0.802024533592722,0.0311907499125673,-2.06184313009568,2.01450743683218
1.02866934502478,1.47916474274558,0.344303196565093,1.2368309339641,1.69044157009301,1.56879031366891
4.18681807074299,2.35216056052197,0.53508159407473,1.84999100305429,1.32992481188566,2.13736950236593
1.65827182827595,1.05452447800771,0.640172865139808,1.332306704306,2.25710858095242,0.995974952083649
10.1313103593293,2.3218453346972,1.02989116437198,1.02670921543542,2.09970036612282,2.18626366660894
2.79035082300359,1.43282054854295,1.48041801148913,1.487006045147,0.936088232997414,0.321496704999748
0.681198917486081,1.19990867217746,1.0883899512223,2.28706620309657,-0.0145485037361568,1.96533873991841
2.69153885239832,1.06062838516456,0.927601967231869,1.07968882670701,2.16656831044759,2.79671691743423
5.04074967523399,1.11867781481143,0.286742411396563,2.88590413112507,1.92425922359542,0.25777106050755
5.02647156747609,2.22302654896855,1.32956796309466,0.983434954707412,1.57193517881359,0.54782503165017
-0.454342117670681,-0.438805162034407,1.75909018706128,0.0475942569474852,-0.202492380906454,1.32330798124105
5.88339939462283,2.24916188371171,-0.712756270384119,0.122905424431865,2.0133097383246,0.514650511208864
5.1599257327655,0.885315502713089,2.23738405075488,-0.468979211926455,-0.91265869525386,0.838821865750229
0.956142205121508,0.225358047348146,0.912050916018861,0.288588123566445,1.3290263249383,1.38714478055838
2.93435660613942,1.68565635350977,-0.738822483445277,1.97256763709613,1.22523010268877,2.26571492748414
-8.58772383487564,1.3519708410973,1.63377031541999,0.0840181685835961,-0.605959416578127,3.65047898647948
-1.31445395238109,1.49056512476111,1.08857719034198,1.86500719943533,0.723756949135374,2.75595865945222
-4.9237043021563,0.163281109766244,0.115257926068559,0.969169127494065,0.75955916979759,1.30759965644363
7.03259504781785,1.67217510078076,-0.437867117586599,2.59112164437788,-0.0821813696680473,2.3771553790784
-2.52345191289562,2.08826088177441,0.667909802872445,-1.13605377700095,1.65086919561363,1.62870381243321
3.63544773257661,1.20927712896996,-0.89304951614804,1.38906713080779,0.839452963234591,1.58331712220745
-1.13268167562141,0.432733203199843,2.2726052041957,1.93760821348263,2.28629755061518,3.18042885138399
-2.95886007161503,1.72517899139042,1.72851170305223,-0.943182009190237,0.363026861607485,1.3612792635666
3.63645888740415,0.0356771223303746,1.14085947324045,1.12595912237222,0.776899955779594,0.141910625174819
5.87330425857299,0.562486777261325,0.627787169954788,0.856382821760242,0.320335680030442,1.33930695352995
2.46581616476589,1.42690136825563,0.199194001010305,0.114352538175978,0.479281436057787,0.0808684798364462
9.26240528513974,1.40074939955187,1.30065221086666,3.49927916333913,1.02882776396291,0.186477088192373
5.20658174998855,2.00727295988739,0.713686623524514,1.36539717209741,-0.0277587275874358,1.70316255926496
6.34141966800588,0.789225781159569,0.553276547475986,1.72788763571592,1.09923607757836,-0.0479832269233953
0.0475204934094204,1.05542905334531,2.78613432793299,0.844759937795361,-1.34637729370865,1.43990411518992
2.27215379743289,0.256928159318142,0.139557770032647,1.60916481068938,2.82034700391504,-0.436404569085016
6.03771718206674,1.36652097021022,0.735277025384386,1.27942139259156,1.26410237812226,0.846177490121211
4.14087885567778,0.505197521944316,-1.46861860755602,1.20832557508719,0.591376104880776,2.23659672291243
1.46792272194804,1.21990358549585,2.36215097379717,1.11611558182656,0.949515090570645,-0.37642347398611
8.4304416841516,2.21279266294602,0.0126759966152139,2.08018445674442,-0.306979286138694,-0.592010944909325
10.82704695289,1.82181559938738,-0.189495269788993,0.501902023196326,0.906134947118175,0.546933267477479
8.49088161217026,1.85690324832493,1.87623770313752,0.566759639020406,0.817820219106091,0.435989065917524
4.87980631619136,1.56770883970014,0.473784784616226,-0.313223990698972,2.36222907603675,2.28108736589855
5.68912060101164,1.59623422161401,1.80002707706115,1.07497309330971,1.93587606945977,-0.753991178955994
5.97970021345979,0.923001046587521,1.15877757104091,2.6282276226028,1.9066079308788,1.8140281653902
6.45375623583322,2.64397719320176,1.77211909653129,2.14508484421656,1.85240440004574,1.26343110717457
8.64905328507152,2.35789015959994,1.85062503540605,1.10176425550991,1.97130066193368,2.60003450391916
8.31629264446749,2.05718188778935,2.0010478134926,2.01172872015019,0.6275984146052,-0.295811089157354
-3.39460252837599,-0.252501359189294,1.27370093446009,0.22169185024502,1.12328869551396,2.34172309534759
6.59396655259586,-0.512704144282158,2.06996905575571,3.03583678274839,1.84897494690875,2.13346368375178
12.5379776007226,1.67149937588861,1.33251470348121,2.3002116483401,-0.923982325212755,1.34447920203047
-1.79127753550303,-0.151082239457104,1.25448310662893,1.32688542408818,1.75058654456329,0.82599141870921
4.01313329413333,1.42251698149648,0.739709906020471,1.89852649012881,0.164914700065662,1.47699712799333
8.38883568818463,1.38609621309724,0.506076179034414,1.91645743940299,0.630683984632869,-0.46232891792894
11.4235453630453,2.9038832656483,0.667954231312374,0.392162798151156,-0.628719022935072,-0.107938483409554
16.6249435461698,2.28579805934727,1.1734103655179,1.42283547794629,0.929586324747818,-0.0701998930615455
-5.21029299746323,-0.758518399603788,-1.43939239963602,0.700428728768306,1.77382427372152,-0.0625240664577984
5.06450925997892,1.31498593763029,3.07232926090195,1.16520938766085,0.67094993984832,0.150249440882323
2.77971649056691,1.08702058788151,-0.1467918695365,1.76088705088065,2.6022696321161,0.994696386967697
4.41659366152247,2.43761509620542,0.0304859454720889,1.04622921054758,2.58653683481343,1.84299154135954
1.66481085753321,1.06079995598437,1.69941909302678,1.11115717607746,0.912891638139798,1.24160467302899
-1.22310116713257,1.77125322815939,1.52154729568602,0.229721917666668,-0.579028771758116,2.37371025720169
3.30616269635726,1.43083167027543,0.138192650756819,-0.711133233818412,1.9762808128123,2.52387914107551
4.8616986280031,0.589567452649981,-0.813986221782864,1.20507002953304,0.655648789363774,1.76782195322705
6.52038558942475,2.67528151137487,1.399540372614,1.61125360383843,1.15435486760433,0.476095177239735
13.9412738909166,1.67535532834009,-0.179162596095013,0.210417011514578,-0.24610488948213,0.838381278474963
10.1085295799767,1.77291113368212,2.46715681618612,2.66745197360536,-0.0283114504294559,0.63105840560004
8.21054891685103,1.85264809742982,2.07397792476257,2.87426984048796,0.63243053823683,0.657721440709698
6.17460055592386,1.58803188728359,2.7552956145073,0.681294652871643,-0.706294484191961,1.06218809916166
8.52783858864563,2.94162243951611,1.65044900758924,0.564708536584756,2.1204871434628,0.42792289122257
3.57886126462948,1.00058179414916,2.66263465259886,1.41047667378361,0.410620623293034,0.70274546352338
4.7853083193068,0.559071767447957,0.906022731239027,-0.509375151032182,-0.0610867891702893,0.701292061132151
1.38980710721193,1.1649927687262,1.22368915130385,1.49668219078102,0.734351330495144,0.851381451719702
-2.93482749209869,-0.293479991066168,1.87134495255119,1.25249761875078,1.28077645479862,2.8866198573784
5.93099824318015,2.51675240793484,0.100110233685436,-0.297013835449562,1.44320292098748,0.98502956415726
-2.37744715963801,2.69314205367093,0.793605900133685,0.484160612285876,-0.0438269334718815,1.00837843040162
2.86513964523943,0.250341805961481,1.5994907993155,0.433342847325338,1.69157966443069,1.40370496750285
3.08266435829102,0.456209855592248,0.969958284957429,0.517522976730083,0.347709873838853,-0.386437376745397
-1.45763371681703,0.557596421125615,1.13657511161945,-0.504670895880983,1.23609552899191,0.474729549342252
15.7121178216376,3.35113208624194,1.2123501861474,2.41406475014747,1.10626478203713,0.869080750921865
4.78257884799333,1.08721541827855,2.17386349793096,0.857671049304484,0.998919938807005,1.06450569160519
-3.69911128074011,1.01723864301122,1.7793600486558,0.125917126319059,0.190182508504883,1.58319347856664
4.06318925476218,0.424829319611011,0.591654521374088,0.916094122504678,-0.411339516833938,0.856855859065572
2.73653278663453,-0.0153474454330014,3.23718456157364,0.558853949515111,3.22273604040691,3.46628398532235
-1.01789708674636,-0.275658370062095,2.43150821933011,0.600240444831324,-0.518156958560643,1.0706951067241
-3.69856440313964,-0.482133300645288,0.765124298271429,0.813716768688505,1.62924881189454,2.06699333094898
-1.42602395335931,3.13986765095295,1.07393624588464,-0.217353510796725,1.98606402909355,2.68813493128645
-0.360938072076422,0.387591379831519,1.16721368146178,-0.986013744892173,1.79475761014853,1.86352885892497
1.90645025289659,0.916800341427828,0.234143375449194,1.10327074502203,1.02922073311077,1.93372340765398
6.80710993189338,1.64941904497058,1.05547652698039,1.5263099971805,0.879710753106405,2.6040663622364
-7.49002413114937,1.45129118891404,0.62905311704259,-0.546026295985388,0.479485396832392,2.23836240295859
3.38815677037638,2.18477444422805,0.660034161402444,1.40993376514283,2.14459894123436,-0.0433053726031218
3.78189168034405,1.07383680619753,1.08199122101824,0.84831359594455,1.19996058871596,1.58117031502728
2.21009571821813,0.214695225337488,1.82010042574885,1.37551680861024,4.37822693694332,2.60674237972849
4.23314109936768,1.74452859814495,0.518322576966765,2.29054687945971,3.1406358368231,2.51847125011155
-0.167165420077893,0.704741141360192,0.942559794730975,0.793791334806665,1.13933628692397,1.05476375548328
7.82711703192771,1.30877393422431,2.0321737736812,0.591132995723486,-0.635079126928585,1.80923538653791
4.72727018439324,-0.0909535718839378,1.23064141547057,1.68459178992662,-0.310486919205715,0.662713688915302
-0.707206993739184,0.230318018333274,1.49814239763811,1.38216835683428,0.243528444985675,0.147113976320629
0.0339375574498053,1.24239802918549,2.90873996772292,-0.108296666728312,-1.53174242475916,0.719070379264138
-1.10086427732478,2.0871541382727,-1.53189971137571,-0.420971307892374,1.18502787278823,1.50252007682928
4.33126425894018,0.646874597060433,1.55254832218745,1.72010609707,1.31803047425261,1.11095156615655
0.699854260351751,-0.625200117763573,0.41852896554162,0.85156213035089,0.00129401164075016,-0.472326653881975
0.685133612681791,0.68128815204835,1.79286563698459,0.400060803704402,0.563628245517711,2.17714996129216
3.04108243461585,1.13608984709524,2.29030416449831,2.1046865147097,-0.0293801155910447,1.60445363207724
5.07604772581753,0.573979340874777,1.46121744206898,1.56546874126227,-0.475360664691441,1.44300032945746
3.68324973440383,1.18469396590226,0.137994628783539,1.2096667563536,1.66145766459176,1.84772818135136
7.45087199324817,2.43585913097597,2.88799204449672,1.44570800204789,-0.280795692976854,1.43645936294411
-6.52679721064302,1.57980557549988,1.52148898049862,0.53167443597481,-0.112193869488719,1.72019098259858
-0.0760362340600134,1.07271752728795,0.976302357013547,1.33031576441112,2.48102370588552,0.94217114407584
-0.462716458987102,-0.0802217155942282,0.529865594184754,1.57169893792467,1.74878850247065,2.24770061374121
5.87772617797898,0.106283033418135,0.701492309626388,2.18074286080327,0.809152406427379,1.88348886222841
2.27690492805254,-1.26318967153305,0.34883050068187,1.8491612858019,2.27136849866793,1.66385906228061
-1.52871641621244,1.9077159112631,1.61119720141697,0.744183440848583,1.95659516540388,-0.630443986580607
4.34692609963035,0.556804850170039,1.0544206858639,0.982903403608838,0.537323168380783,1.00465681686527
2.39024542020357,-1.07381041096044,1.50130156702337,0.170850986226288,0.793510675047378,1.03889624567447
-1.85031293563327,1.16871304904783,-1.25005055635622,0.752628244336083,0.777811861151908,1.29724437397027
1.11300831602994,0.728475760339834,-0.431826416041958,0.485194695525887,1.03993624593224,0.286718199291641
7.64397009248999,1.0887327031245,1.42744026889446,2.60401882693396,0.366308155377514,-0.573995265054647
-0.281769816337283,-1.26642922257038,0.994875098690943,-0.534519586956616,2.59256731763042,-0.0265969273446969
0.438918860747329,0.10220777384069,0.777787661089012,0.50543002389767,0.508627199955825,0.438624136125325
3.10334918309041,1.05128120871838,1.03789154219256,0.885769763761457,2.10407889248468,0.8272289086707
-0.2950327734252,-0.118893572105017,0.570359526762444,-0.649402329298972,0.491853232608832,2.29870982566507
-0.614892263133779,0.531720884312128,0.541010362241853,3.49228244492315,1.39275548870509,-0.980824228664629
-1.39951182654205,-0.19024035756356,0.145589370349106,0.742847703747538,1.15311218481014,0.0824351312716902
4.0116178673876,0.598644269118646,1.68088095936176,1.05358734688566,-1.35525160745366,0.948825266459416
8.44477702055685,2.28627261198416,0.38185994010324,0.959707705606039,0.473333950480715,0.982838955254869
2.34953341623732,1.01438089229249,-0.149464432610315,1.85563055478043,-0.239037532324106,1.0701777305794
0.966548728251162,0.417421050492926,1.30669922668618,1.32663743913129,2.76949478713148,2.22618813810018
4.29054778913071,1.61143385198181,-0.611746422180871,2.40096290579728,0.264083577555054,-0.741594774489938
-0.751588223446655,-0.498010680440098,0.679242138107222,0.467229690491039,0.127472674351167,1.55162444923947
5.62968868395188,1.54396293009775,-0.0832612013504945,2.5295471936073,-1.58503439606033,-0.26799085362073
4.9605950595347,0.405801971859834,-1.01896646933802,2.76406139741361,1.80794346364078,1.5658234703942
1.46571150940726,-0.180163854562364,0.729237662968429,0.648927134250561,0.416117762695516,-1.00981845267293
-0.901417248906861,0.449589005821022,-0.814838039365581,0.519980795642333,1.01167262598754,-0.727323590754771
3.58189294189518,0.0681815994455728,1.46314486137742,1.71599714193978,0.787651972109189,-0.36316217919675
-5.94614308005778,-2.01948955955524,0.367578935639432,1.85769224730821,2.30144682893445,0.867885507889906
-2.40634631615881,0.203219343583717,0.41107791576368,0.558170184042526,1.09098754786794,1.64499886178631
4.4163472916317,-0.422407098476595,1.31559944150385,2.05946496957055,0.614511576103283,0.505581215637969
5.13464958061167,0.361412255815943,0.679996676995925,3.08866198811482,-0.604674025355153,1.92397476964235
-1.56891926098428,-0.0258419511423482,-0.4932687844517,-0.079293545838472,2.20504676852568,1.52947266332787
-1.41214435575089,0.229917793502082,0.895458247815073,-0.551506099805745,1.55766370178053,0.135828123330557
-4.19856229595681,-0.457284863834811,-0.392827542328075,-0.542401256303963,-0.428247449784027,-0.308217374671405
5.95048512622752,2.02427782621504,0.988807308554169,1.53352387578431,0.410811173768855,1.40979803099338
7.68798179024221,-0.165403264209688,0.585775566534522,1.92502898738978,-0.236669356879702,0.869139234442138
2.0080847350033,-0.501420104706994,-0.57600536841565,1.5881938573929,2.23330208199777,1.12088488634882
7.13933147072318,1.64214832491545,2.13613663905227,1.9279949682588,1.28445631394366,0.887998146105133
-2.20769558321508,0.558713764007055,0.781933713586386,1.3176861076605,0.0306446330620636,1.00457554180235
9.49055400596099,0.789118489802964,0.29620619716593,-0.074126081714246,1.5098850948748,0.0966210024288303
5.24445451477245,1.79068618933023,1.35041966010403,2.70879801564119,1.97164990142261,2.24022614523836
0.45661631542927,0.931897011316731,0.612591532998744,1.38573797230231,-0.180744067591661,0.859583117049283
-0.549007013741758,0.878867241929437,1.95604782780588,0.786544389904448,3.47140042817382,2.05653747692248
-3.33548729638788,0.832117592646286,1.61498671313056,-0.595906542568401,0.907125650870301,2.16213840703421
0.578820858371712,1.51392778541941,0.866508155446575,-0.0963166976925225,3.26094117133101,1.15867721177127
0.521091433349585,-1.64012668612995,0.676379729203145,2.12466744730886,1.49841796560729,0.675823894819926
11.1065280381243,1.62130277250286,2.05211215565086,1.56758708561536,-0.402426728676616,-0.454683799834845
2.59195024823948,0.495314853260676,0.588690687335007,-0.146682180362278,0.721970437594982,1.00739536012885
-1.76142450169161,0.0953266482919497,1.60682407510872,0.666581816738253,0.758325563348373,2.57239959058566
17.8337278763696,2.76809954276871,2.30854579508168,0.443810931357561,1.48957017441111,0.322513552787092
13.8473359728975,1.75427593921995,1.19296689772774,0.936597453290149,-0.766624810908369,1.30287422998009
7.79196295060904,1.55469778884434,2.48628874908591,1.69953167677496,0.916230840078872,0.537924920884127
-2.11077906390694,1.60818311712153,2.12682027878674,0.647246544242851,0.153759379951364,1.03367847790628
2.30841781318945,2.03011404582194,0.651511121749923,0.508011599536435,1.81370223156869,1.77309496742824
-0.95910552402645,-0.152113488063974,3.26728353405225,1.32339068629626,1.96715638349208,4.23746626394277
1.05920405631903,0.196769715344241,1.15803883447012,1.08890647359175,1.44971948851319,0.0533734988147089
22.5018321186152,2.27495193291984,2.85278817400028,-0.623828463435217,0.247280704975582,-0.697062010023909
2.39908130553246,2.15182106185116,1.75463646213354,2.12229022773799,-0.461063262429861,1.51398898953958
0.553315617418317,1.02134175782798,1.69682996426209,-0.213819204490835,0.225718641277111,1.63545861573427
0.965467617902875,0.101759336984784,1.25545630844683,1.90811786876748,0.421379077412257,2.3840848647761
3.40376213376389,2.76598771589958,1.8039358338627,1.7316705276066,0.274495504867737,0.0525157130970125
2.76186632426852,1.98408722956064,0.319990742310738,0.1833438119095,0.40130798168996,2.82753323010531
2.31883922692504,1.59553029418134,-0.204844122212846,0.386991418160081,0.870789487463055,0.189198788561077
9.16413848427374,2.06512723134157,2.34459140619103,1.51717021690161,-0.175615891300623,2.3626730853888
5.14135105100573,-0.0519788061846842,0.854512524808577,0.495753799622988,0.363358591773975,1.77778225862418
2.21188948777975,1.0140865581557,-0.179958603942083,0.558308938382473,0.921684974176548,0.275264951455292
15.5428937137724,1.30264005304427,-0.149233176126095,0.703284744341236,0.10951999156022,1.37086514390839
6.01812124252087,1.33115845023824,2.28367261806941,1.71442447393052,-0.0884652797059446,0.258843630705766
2.36584485103997,2.05299425292485,0.518343249012188,-0.182053992070276,-0.852172289036699,0.932767305023067
4.10621292792493,1.24685770550994,1.09121363225588,1.50757246287276,0.572692434671283,1.23693997919694
3.30190229914841,1.48113289460812,1.45849734958724,1.56871100210291,0.637305268784595,0.401057065313737
0.340185177148911,1.07986613265768,1.15844000829296,0.536734319483113,0.824213148310844,0.584566693569599
4.31401075164315,1.22573288688667,2.13637526632622,1.08459801825483,0.294394925239857,-0.217059259891688
3.71061593001138,0.255798817215837,-0.163625136825294,0.74808298297204,1.40192858377967,-0.720911143295354
-0.639028371587713,1.57417320857876,0.635276499950551,-1.10772688286027,1.26546802646451,2.70442548055418
2.36450943072277,1.50344177850323,-0.627955450338604,1.66081149484398,0.647737409984253,2.9405682166576
-2.3720691226912,-0.284957341942392,-0.332519827935183,-0.463149871320422,2.69062250907796,1.87390292106536
4.88094210752706,1.67581251140976,1.10483780842705,0.627325626059067,1.11744904362993,2.26549652332344
4.93395120006631,1.28456138319521,0.837244798750092,-0.610438490646835,-0.826784951397054,1.30433013351473
3.90758680057066,0.0704860659392701,0.453000228148335,2.1278829044107,0.600384754324659,2.06498612590435
0.769615951490121,1.62189703501528,0.487190716856271,-0.0697292411087624,1.20970477259084,0.239471786755556
-8.69339710949244,-0.990069164487968,2.02360618221006,0.238341669255146,2.93358082171018,-0.226610956728512
8.07870665319477,0.565085160215341,0.0628254104600534,3.57596267692173,2.35898907907813,0.84354213469588
3.33349091182228,0.570464229587531,0.974365678892993,1.42346397052583,0.377463069382492,-0.736007963630205
7.13677694123957,2.54204041740841,2.01886181962477,1.48385182741229,1.41114599335784,1.36416717631995
5.27598144353798,0.751282342525974,0.267891843014053,1.04955070892531,-0.720043606555181,2.23276800206449
-1.75008206629081,-0.738497835389482,-0.953414472042855,1.41771803326469,0.521097720710109,0.815524572516672
7.32808175943319,1.38757816538343,0.850122274724585,0.968393741761478,-2.01242313955875,2.20759557408924
22.0701577707689,3.6798182358959,0.609685850771358,-0.600394901637125,-0.357343869397761,1.66131390763852
6.38802734495555,1.33549235135451,1.30290157433596,1.94128419711619,1.16269930059825,-0.155402619005665
-0.82806151355572,-0.330717891576572,0.94738335722647,0.871191792404981,1.99793048456329,1.7834910000557
-1.9652708651592,-0.977278656856969,-1.18185469434392,1.08045200458922,1.87051366095627,0.321286160241651
6.21147695445665,0.662046039314667,0.629556666595508,-0.677982728101452,1.70684717962766,-0.547019447023586
2.58340559034906,2.11453289793708,0.615012395852569,0.378987000041602,1.45629672609987,2.72345221391727
2.48194607009863,1.28336015131872,1.14937832100492,1.10822010931451,1.05747522231271,1.27155309052221
4.67789736050311,1.42801612771942,0.761392937842271,1.84561663265201,1.50772614014118,-0.0788035004717642
6.08595666444215,0.815087353028352,-0.379958692630181,1.15124961986577,0.342980838725832,0.592121300395968
3.45169106869846,1.72436067609818,1.16615088258962,0.686695210988262,1.9429065859432,2.09908982771288
0.360302855880611,0.720756545484828,-0.369679967369634,2.67955073115668,1.08818510376442,-0.270917650652348
-1.59193206710497,0.725910785001883,2.50174013992887,0.476815993691788,4.1724664037642,1.11694375508916
2.0430136147819,1.57754133303198,1.54186352263592,2.01349452656741,1.61120595224914,1.85707448824671
5.65003972982937,0.918125163106719,1.26873954744771,1.35916596803417,-0.320201517321718,2.23979219108307
2.37585779499215,-0.0341446022274028,-0.0917067059452312,1.17538703675642,1.39687211693544,0.692163522228027
-2.48417668458719,-0.519447685717669,1.69525749352022,0.920168013219221,-0.0477446784332014,1.40378940769944
-2.07399228819771,0.624018515883521,1.57797639779253,1.40927665557288,-0.0241524831329545,2.37795546881104
18.5944543488038,4.34250201198384,2.88716881701337,0.650266808771146,-0.122468319391348,1.99134970257356
4.79439866397557,1.06350941341,0.961325729803664,1.16097243094857,1.05183705453038,1.23721841304245
6.60673010546655,1.19284708501675,-0.228338164396242,2.98098779196972,1.65053319733707,0.690480382227539
-5.06363433449963,-0.12246483101372,0.400937277475299,0.571709194125998,3.53840711613232,1.41592515542584
6.15139238221812,1.54608503872188,3.04660328268095,1.95323810204489,-0.0969839511228614,0.465797106377527
-0.976996503710955,1.82868341448777,2.32442453133425,0.530322090951353,0.517277471810615,1.41664389876188
4.27472903765802,0.676341543745444,0.219496662719198,0.194929321110069,-0.735794269997349,2.54522323251005
1.11682640422735,1.65085360407828,1.61802309196779,1.28894256358057,0.0067229883531742,1.84165309415631
-1.99607542505479,0.109930236381103,-0.520936820640004,1.35036429624981,1.03120318954835,1.48891052227865
4.47896736660109,0.639287652423581,0.522720894139203,0.572031108377152,-0.333090215619122,-0.134368375452402
3.34423031918154,0.843379128209861,-0.443603293067588,1.29115664149199,-0.140664048985986,0.220977472764961
4.81388526651616,0.894176166617634,0.980599507437191,1.6107641208968,1.79441278507024,-0.490290374040776
-1.86930404869814,1.41766260984557,0.342696183106306,0.844019395442738,0.106882137774372,1.19127629414703
-0.924316230277523,0.215391047147829,-0.510436602359541,1.48551494572156,1.31284202331994,1.63573350200212
0.976994610111032,0.608724424198007,0.804584353128161,0.0432393656421226,0.499649104408708,2.15902880302786
2.15952712186217,1.03712739448302,0.849983279227921,0.54250115448092,1.8794188049712,-1.26582416458861
5.21220440471944,0.810010073134082,0.330084342006686,1.27854567563316,1.74328310712586,0.987571609532526
7.04281463766561,0.584306936645598,-0.111463982780148,3.84288204496551,0.238324694857497,-1.03927872429094
6.02820204630719,0.707679189649057,0.527311128276828,1.75476151153509,0.391057831880395,1.74258691823226
7.58158120852705,1.37240865288088,0.475171213233835,1.6386536312042,1.14746219516221,0.674147535188351
8.73703032242492,1.5815341591108,1.51056809161826,0.882243913796675,1.52507657422522,1.30266741901731
8.67100230712066,1.2890659763584,1.81171788699005,0.24689324264377,1.3631274290041,2.11396130567673
2.49814474568381,1.089230854389,1.76054413102203,0.492858491685369,0.647141915477673,1.91758103673572
1.45097530033643,1.14104088764845,-0.08583473181102,-0.00460522258976348,0.794350676055843,0.705384842889929
-9.22036730814883,-0.0527985053774593,2.23156939663398,-0.835500913555218,-1.10283252345948,1.50037795260283
-0.0828620164695394,-0.44574178760321,-0.114573759062047,1.27783379589668,2.58135845704977,0.910698934175725
1.1129780666147,2.4618933121884,0.606384936199184,1.28205844457494,1.5946205288644,0.693024937385473
4.47667855270864,0.493451169821738,1.22717835157201,1.73298619001022,-0.999204202892116,-0.809768005181859
23.7268861789458,3.05871635825692,0.323870707697151,-1.26232394701499,2.18187514872864,0.689198406498506
8.15135106211841,2.4210016198888,-0.474173711785765,2.14252864218985,0.567181957361785,-0.353220441203797
9.91796786800113,2.75595147946881,0.80079658408423,0.168412273839971,1.10688272812069,-0.17547000194255
3.11057176787344,0.0709796527820652,1.56274498158593,0.61159076559223,0.765044248917627,-1.02544310526428
3.9066272566243,-0.435338643212519,1.22911271990991,0.600187799982432,1.60847543929812,1.94661805208656
-4.20754328019525,-0.365546507001785,0.733572761420443,1.34112197740614,2.33612586890886,1.91922263366534
4.80902113946738,2.93522166918684,-0.508800397000741,1.08058992661805,2.15027911257722,2.68767920429085
3.39504443207433,1.29897635542831,-1.08877228514156,2.72406522133533,1.47524993083765,1.27040284032779
0.824569304300995,1.54859058319222,2.62885884362536,-0.497953823061999,-0.239146820739184,1.3662568959972
-0.843275588575691,0.701318089544718,1.74129900086616,0.479974812977304,2.52415704091593,0.732196765258351
6.75833260982797,0.897382003142712,0.74028385036725,2.13284511552317,1.18479978853884,-1.76559959952843
3.06129064501987,-0.112252796245658,2.10665647202507,1.54778266701344,2.08032010232045,0.390684991242071
5.70165727800135,0.480249608375935,-0.758382902904274,1.1808944596955,1.79084923137773,1.93703410868971
1.69139107197485,1.36830577268401,0.4024050348191,0.886337195371835,0.183386795394318,3.17359049853823
-1.08177470265653,0.723217467081511,0.758171415586001,0.511964050767725,1.73739416496146,-0.464465992637503
3.30835259441707,2.0025076993431,-0.532682366330758,2.09401424615943,1.76082598572206,0.66006433172328
6.22180510720078,1.72656200113182,1.40412958330584,2.08755039152258,1.53028620760657,-0.888615939880229
6.33901922679293,1.87671865018951,0.748044899317602,0.867942179110431,0.707609689259612,0.691411620605816
-6.96475981472735,-0.755473444853474,2.1827407858885,-0.231088163567783,2.59706262598601,0.49242356032145
6.99103191827659,0.556472928901885,1.50128895069024,1.79165437022576,0.559121021559348,1.39123296277785
4.34824107477832,2.28901521698625,0.128490712101237,1.24808341515218,-0.707192532019974,3.06827997156683
1.71976357269169,0.702093251811248,0.277612618468665,0.780791180167451,-0.597514665085999,-0.0261653224862
0.652396314735039,1.28336472627209,0.651406856712272,-0.152975808452276,2.55097184742335,0.89335065997776
6.73068741305881,1.23642180341809,0.843972142057412,-0.0155388316412255,1.02978714520766,-0.102172965057589
1.79897256039056,0.884694648356951,0.856030249155312,1.14930692214698,2.22350768044457,-0.234918920836941
-0.754932941516723,-0.100439203579215,1.39203525349355,0.165909882613787,2.11740879597922,1.01601818800937
8.05576175880782,1.34922397354551,-0.41752809536151,0.733232857082367,0.445644121371629,-0.585312029957956
-6.02431920327755,2.15248927008519,0.833513986245291,-1.49128803151541,1.27605553138635,-0.420134065783135
6.87741623977234,0.4107251432797,1.92566411743347,-0.148878581535812,1.0698375886273,1.24463160547399
-0.343899405430371,0.527109575510953,0.489212688958517,1.18447803442466,2.85145678987607,1.73796921548445
3.99029658141125,2.70147919345908,0.949559745845163,0.654675994071245,0.248378537526747,0.656529095959227
2.35726234157431,1.17135487162685,1.23438575054017,0.189559928655275,0.154460067664681,1.98512501856919
0.967414401358593,-0.0726287238255281,2.18742330591308,1.71230003037629,1.22211324772638,0.349323928853551
3.91867305675376,1.03426243144925,1.91072461492483,0.854337742019098,0.913953204817786,0.222653891175059
9.44231364912074,1.73058604431629,0.950357581854074,2.36887811474727,1.31256787916955,-0.405210118339555
3.98464900930537,3.04544638462633,2.97239369041922,0.995451480259626,2.09295608486298,-0.961421653562994
4.81789834176137,2.18122109193597,0.407187748833315,0.640627373506815,1.69455986692152,1.0751699714038
0.506058410640819,0.371705336482746,2.07544702795958,0.778972634101054,1.50207175618704,1.27361689666172
7.26799942010512,1.24170812233898,1.38810713235101,2.1055386431502,0.449033092066578,2.12305858412939
4.68022881831464,-0.82827354385081,-0.917117207790846,2.43619166298582,0.521247654264957,1.21203176325838
8.48959429537424,0.769677341296548,1.45190132129816,1.66909642464527,0.853730226858768,-0.903298299197287
4.12753959212328,0.85051909654384,0.893944176573636,2.39112777827397,1.58160698479098,2.6927090958248
6.16469633374515,2.22668470069191,0.261130772326451,1.6526814156147,0.487607066152371,2.92658848620137
7.39465304021666,2.24971692648482,1.52883457900644,0.487667037473073,-0.381663305461446,1.08408326793517
5.08536357060772,1.12058724733213,2.38017188849519,0.870140175092108,-0.882841222747424,1.13920479089616
7.67764420414198,0.642439883299039,2.5665462407683,1.12487967274691,0.692695799139304,1.66185887245669
1.44283238457992,1.34337942688093,0.492628978417031,2.31678466231463,0.395422151881475,1.89682293967015
1.66780589020007,2.64716807062852,-0.137211404481723,-0.389837507651687,-0.42019086616371,-0.488629885408664
4.38068879336321,1.23723089645417,0.70801974396063,0.477525920122293,-1.14678256386061,0.268390206880624
3.48063620937762,1.63846922367465,2.25457198234478,0.954581640546074,0.301596007845133,2.02185507486352
2.54443690663438,0.698836658757304,-0.228264742104507,2.18919003226876,1.8438580222395,1.71594608418887
3.52626332037079,1.43974992344128,0.358303748559689,1.21083333601482,2.27531842259547,1.52739022676999
-1.28215954015297,2.22834525517944,0.904430523341118,0.0978532889976687,0.484144089250321,0.0802121239670605
1.23338198412088,0.254209808403382,0.743771068100868,1.60402942330384,1.99391800711796,1.29982686194783
9.43879519559876,2.67324213308554,-0.290559841062996,-0.266608714978628,0.501959920490177,0.35153816217397
11.0968972368464,2.04584514472433,2.02819448948445,1.14620051696737,1.99522809024733,-0.486695248209924
5.17331939023536,0.469252849237922,0.1489049719387,0.869551750722538,1.42326058754885,0.384513764012399
-0.863987181348873,-0.864418563486045,0.256904595547497,0.382919217241219,0.20918251738874,0.232028867290385
4.75623814130692,1.40514692217511,1.69766302673324,1.10448383021382,-0.389503861556181,2.03567602744741
4.09008475883952,2.24319416350386,-0.239269786095454,0.0143788333871301,1.20162111727434,0.607792807813416
6.42928380989786,2.46268875556206,2.21057955043602,2.09538630935826,1.93554257472344,0.562912272848978
6.32156219948982,1.87950220717662,0.881110700175,1.2751429881665,1.62902958410868,1.20511654405609
0.428058203112275,0.515962706745228,-1.55375723413324,1.75019642079509,0.460031156110768,1.24596538632922
4.29046163810131,1.42870486663392,-0.222239514782605,1.68776241542608,2.70612591366336,1.7832404879156
-1.75678028921466,-0.82407081675079,-0.0310519259888469,0.704950704201672,1.81472324324103,0.362193699042312
14.9005391192995,2.94393592445239,1.12120551337254,0.00790166028109396,1.40585189451485,1.63695937397947
1.77733437768097,1.14448854492647,0.43955017230596,1.36730860683046,0.385825711241386,1.55838123630702
8.97432425487496,2.28604091321022,0.341379690599056,1.16562445571764,0.940041460506827,0.268969460662464
2.88342929843946,-0.259281293957865,0.884483097107355,0.0863019063839213,-1.09625650658835,1.13510658904127
2.62580491669894,0.581472786999965,0.449255793301735,0.622262738353102,0.452385937022125,0.781738494752178
-1.52156748969348,-0.116077292131491,0.632198461520447,-0.182434927830714,2.58869390860148,1.43181495371232
4.8829556011632,0.644370265475169,1.3931863205068,1.66942240339774,1.54184136403758,0.227018488764255
0.881676001219087,-0.798538544494101,2.29183755302095,0.459763021764026,2.30363653164145,2.13414622007296
7.79969195745085,0.776912185616139,0.376402491062843,1.10534882631334,1.1125468713234,1.57223245962761
-0.308850716502905,-2.05149530417521,3.1428758796623,0.715712818114675,1.46920820928377,0.0832157258243954
2.04696631395015,1.37965231900993,0.288244726115852,1.54814813414655,0.204845346601575,-1.11241515485224
-1.56993404957951,0.10160176335861,0.107855156195159,1.41249821319535,0.638898481488025,1.55561447724576
5.7911485962321,0.992915703069531,1.8039019863234,0.519894203850741,2.60469538046337,1.89779735780613
1.56784572586922,1.21790278234665,-1.11142340909914,0.499174153711689,1.22085009787317,1.05926537464048
-0.768657248312779,0.757481245725067,-0.248027420607025,1.08556931147594,-0.935353946063189,1.03520852157803
5.50258362843552,0.921216389563142,0.732170628092277,1.73665593420539,3.70371674729287,1.54411956887684
5.12952993103247,0.37548466588663,1.66501363570714,1.08191636031312,-0.77058768253883,0.474639650063134
2.79612318738703,-0.528765336577137,-0.0561271260051042,-0.405188196994563,0.116495400271204,-0.513348392771444
5.28781267238795,1.38193133617844,1.45064241808914,-0.760853676070497,1.28962581664439,0.928275696479447
2.7370757302559,2.54325299622577,0.880857939099042,1.00781900916641,2.69931895864764,3.26265080928244
-0.453824530435573,-0.757658138436659,0.0407645985820237,0.393034983596205,1.04706782960425,1.01377919196314
4.98734206478793,0.990651892525368,3.09625661970039,0.360707476323924,0.20378712386152,-0.743113171330711
6.2973479986691,0.634287008092388,1.06154576880865,1.0987045250341,2.5376587293569,0.996032730459457
-2.18496825849008,-1.29404470795314,1.33913680451215,1.10355861524682,3.2377745801373,0.609039666335792
5.34629321768418,2.02635183854453,1.74482396912461,1.16866662573231,0.759912961177563,-0.356229851825869
6.0005881379531,1.98506295897878,0.911553266554893,1.06618425666216,1.68436928315504,0.908371245000281
0.116526999668341,1.29326487818808,1.12444188591313,2.0301245264075,1.71245348414351,1.3568201855729
-1.76069075764072,0.801273363390262,0.654306132955779,1.23254543887913,0.345026157125082,1.96752607355568
5.69680126641821,1.3334770746354,2.03082549675974,0.534200007364177,-0.102078795713282,0.109303261989168
6.15827947494618,1.81195462725621,2.88124700494174,2.77127973171094,1.37759379513031,0.187615286478534
0.119213101545897,-0.687009992545575,0.134433057315739,0.708824585052831,1.25070941500414,0.821196677901683
0.241486840178821,-1.19644275656399,0.85864668714036,0.883935999731727,1.57872405986675,0.0618330844173849
1.34520368800986,0.255517944129246,0.64735116888006,0.0503682628434334,1.67637807125744,0.988779315248637
0.284340719645723,1.23462102753805,2.26617041258022,0.978829380614269,2.07243373337475,1.651176928618
4.64534944277394,1.42823334852237,0.402958239213175,1.95731241145901,0.444624193707831,0.105241559832323
4.93406468178504,1.30248894094673,2.35908041775791,1.72341188317004,3.55528631947575,0.162539276943199
-6.70129409405748,0.385447366545047,1.11470709992432,-0.798303846859892,2.14160783439941,2.95680694887801
5.59205715114452,0.98189649104531,0.55901716328292,2.4210682588526,2.44901559766517,1.04941053032612
3.8396825295606,0.384355459712095,1.5912601944821,0.22329019347123,-0.624206048184475,1.75594738133228
2.14658354977524,0.72405902748486,0.231411448636231,1.95091632828575,2.04015313917161,1.04014328849357
5.24857388022854,0.252060566383252,2.86598211612223,-1.27556719429317,0.0230801138232171,1.11007841623494
-0.673633436011727,-0.357452733667752,1.91289381826479,0.392061464021799,2.48577174528801,0.234976109787903
3.09939695334353,0.62753082884681,-0.0521682640397327,0.709331623833853,0.834711873409433,0.386902207594852
-3.71404358941366,-1.31095451132157,-1.79132013826293,0.34637011993024,0.559183956986323,1.62182504006701
4.73212316971059,0.869171497980855,-0.0279528339802029,-0.0652181448754685,0.984652327018838,0.608364192303404
1.43195519202838,1.66324269488406,-0.805685279587529,1.14185423364451,1.55265373280159,2.21386125873484
-2.01982408099806,0.255335024201992,1.74352297857217,1.39407958040242,0.606640510057572,1.42614031290089
6.84845360512876,1.90871790707003,-0.270740557392634,1.97626743703082,0.0135226056848714,1.36639117157576
6.2421247125661,1.62518764995542,0.276142158871633,1.73325138340163,-0.479540994672299,0.355734150853168
-0.504157741459939,0.209450177983382,1.36535108593693,1.39092184882353,1.38739428523602,0.880243616084262
5.87963551194587,1.51241643578582,1.05903759682627,0.77860827713947,0.389598365569913,0.881483558944351
4.33099293364221,1.12517276737509,2.43356294852708,1.67916967470275,0.81972140863558,1.37018191817517
10.3678981443848,1.84496162583808,1.72906406448321,1.34233992028995,1.64231832090448,0.802026304792154
8.70180591685249,1.22514895913249,0.124465134046568,0.26474795618536,1.02012834785229,1.42888998736219
-1.70629703119596,1.15808196186173,0.44660555510404,-0.0376435115128828,0.958402584639031,2.56986918333828
-0.0399722428052489,-0.317966928431506,0.448341603034385,2.5287796964034,1.34063947924338,0.0772715349364751
-1.82286424087759,1.51539660437985,0.494020690114638,-0.335142584182177,2.12002280660526,0.910294940307422
3.48889803896822,1.85510835601831,1.9264700971029,-0.0793581004881527,0.245016711475147,1.12129182343421
5.0622429606117,2.7751092452036,-0.901448976916243,-0.130084870846649,0.639641674710318,-0.134321483438376
4.58247600876415,-0.31738683727911,1.95636700291385,2.98297068157429,1.17591829957981,2.63678429102472
-2.13943464258247,-0.00736779264948506,-0.646911681735492,-0.292016995605143,2.70091922986689,1.4946731059955
5.74010206406687,2.20217551924701,1.55966083965058,0.890846136701069,-0.570912252225156,2.67754919980531
4.01316084983461,0.826603259033119,1.68300718773915,1.25196388889202,1.11813498478646,2.64725545529478
7.06036201889183,0.464607919497076,1.72672094831707,1.07310763471642,2.41194514586227,2.23763619828471
-8.65549074767572,0.878957943424734,1.53667247555856,-0.540245794039511,2.3957318630095,0.442158098209862
0.505496013035661,0.524273945363076,-0.225819436362862,0.762464592316929,2.18816113839295,1.56699784503312
0.728799641864921,0.20677731306176,2.4963122245768,1.58359439825138,1.82727428985533,0.470003253961313
6.20717275870621,1.75371623937129,2.24672004817884,2.09309334597461,1.44667498774012,1.18115201749077
2.79808916673855,1.53640871216182,0.397960250536055,3.09175520093234,1.97629368991383,1.09127214054543
7.96249656146282,0.649703056032528,2.72364796378363,1.58335738256588,0.0677392189726882,0.995447459380738
4.30437033583041,1.25111298675194,1.02664070080837,1.99488378811246,2.01428612662918,-0.603940437563136
-6.63835851568271,0.989520054556995,0.789896588787653,-2.20607192554694,1.98475372153858,1.86879752625712
-2.34379264999374,0.141204057003024,2.024615672025,0.406715204037082,-0.798339724173424,1.42235715159497
5.28110017865798,1.04290844701373,-0.416785117923434,2.16820620089314,1.92075736820894,2.21049226655753
9.29797476719948,1.53275261219576,0.897721252469631,1.92414758048944,1.09597431678694,1.64308798238177
4.66727996069225,1.50416012482558,1.11465617585165,1.67452647375606,2.91803122364084,-0.650545328495962
1.90137120653719,-0.166011829582415,-0.356271213515825,1.81468608183919,1.24989501778105,0.459759950180167
5.65586825739558,2.18238921301565,0.126322052704613,0.082351479850394,2.37851914469017,1.21724366649263
-0.245379653479264,1.92409396942691,1.437874956383,-0.188801290115762,0.382153944967963,-0.48898863167338
1.23407913590965,0.54483933553275,1.05565251533634,-0.355884233586505,0.742958498901009,1.61212242316504
2.03873076611242,0.985404926082615,0.537931033346244,1.61993973923217,-0.478002259840874,1.53036254373816
7.57159615100625,1.56709530665264,2.91983970537389,0.829175955438435,0.210576796685165,-0.0462371723562882
9.25354884734479,1.75617747397724,1.31222201416665,1.60449488431754,0.51897734434512,2.78210698176147
8.91325358603646,1.20401586138289,1.285237472581,1.09392105245828,0.686685653339089,2.0659153764902
8.5944414940577,1.31713168925371,-1.80450682174037,1.29498790526204,-0.335627483440812,0.561583671546421
1.96693711868388,0.0277899869120244,2.84348153389777,1.85358794237564,1.68635009339331,1.2978071352787
1.69341135840086,1.89792883538295,0.197854678498741,1.19748813623618,0.0841819570420477,0.380247048342766
