ll,lk,eps,ll2,lk2,lllk,ly,dy,dll,dcross
2.0255878,-1.6025813,.72254348,4.1030059,2.5682666,-3.2461691,8.7902184,10.392799,3.6281691,-6.5818052
1.0426311,.53097504,.7251848,1.0870798,.2819345,.5536111,3.5405526,3.0095775,.51165611,-.13089602
.29771236,-.82509166,.85097533,.088632643,.68077624,-.24563998,2.9930694,3.818161,1.122804,-.63034445
-1.7221316,-.10080307,.98272324,2.9657373,.010161259,.17359616,3.7098746,3.8106778,-1.6213286,-1.3143531
-.72919953,-.8706823,.41654688,.53173196,.75808769,.63490111,1.5983181,2.4690003,.14148277,-.010008707
.86182606,-1.1695625,.91544348,.74274415,1.3678763,-1.0079594,4.4185672,5.5881295,2.0313885,-2.0632696
-.23935401,1.5804288,.24172825,.057290345,2.4977553,-.37828198,4.9320269,3.351598,-1.8197829,-1.6558048
.51654899,-.57562494,-.62441123,.26682287,.33134407,-.29733849,1.724038,2.2996631,1.0921739,-.59642196
-1.8120158,.2149267,-.77178419,3.2834013,.046193488,-.38945058,2.8893077,2.674381,-2.0269425,-2.0542479
-1.0151243,.40201029,.83193159,1.0304774,.16161227,-.40809041,3.8129368,3.4109266,-1.4171346,-1.0041353
1.0953676,1.7752001,.49690878,1.1998301,3.1513355,1.9444966,4.2992454,2.5240452,-.67983258,-.23108615
1.3326492,.15177979,.9948312,1.775954,.023037104,.20226921,4.1980982,4.0463185,1.1808695,-.69722635
-.360688,.48482525,.1031303,.13009584,.23505552,-.17487065,2.6917479,2.2069225,-.84551322,-.35744634
.73510557,-1.843683,-.051057331,.54038018,3.3991671,-1.3553016,4.2039714,6.0476542,2.5787885,-3.3250754
-.96148294,.71372443,-.065830223,.92444944,.50940257,-.68623388,3.548492,2.8347676,-1.6752074,-1.4031599
.75212997,.13898918,-1.0832063,.56569952,.019317992,.10453793,1.427696,1.2887068,.61314082,-.18797083
-.46665314,-.24886636,-1.3557562,.21776515,.061934467,.11613427,.35375696,.60262334,-.21778677,-.023715541
-2.4520764,-1.0485414,-.49476632,6.0126786,1.0994391,2.5711038,1.0205868,2.0691283,-1.403535,-.98495513
-2.3220057,-1.4356644,1.854592,5.3917108,2.0611324,3.333621,2.5458257,3.9814901,-.88634133,-.39280057
-.61157036,-.68606615,1.427318,.37401831,.47068676,.41957772,2.7663753,3.4524415,.074495792,-.002774816
-.46181554,-.043142162,-2.4395001,.21327358,.0018612462,.019923721,-.52060056,-.47745839,-.41867337,-.087643698
2.4363158,-.055415608,-.041924432,5.9356346,.0030708895,-.13500991,5.7545419,5.8099575,2.4917314,-3.1043627
-.21234159,-.72080994,-.28477192,.045088951,.51956695,.15305793,1.2762287,1.9970386,.50846833,-.12927002
-.81145823,-.46836388,-.014799198,.65846443,.21936473,.38005772,1.4727654,1.9411293,-.34309435,-.058856856
.020431133,.3813822,.94426054,.00041743121,.14545238,.0077920705,3.2825003,2.901118,-.36095107,-.065142833
.90897447,.21176238,1.7827765,.82623458,.044843309,.1924866,4.4467549,4.2349925,.6972121,-.24305235
1.0004677,.98983312,-1.1867572,1.0009356,.97976959,.99029601,1.8063228,.8164897,.010634542,-.00005655106
.040005464,.6130861,-.41923949,.0016004372,.37587458,.024526794,2.1861331,1.573047,-.57308066,-.16421071
1.7433357,-.51124042,-.53092611,3.0392194,.26136678,-.89126366,4.1757631,4.6870036,2.2545762,-2.5415568
-.3708646,1.5407605,1.1667588,.13754055,2.3739429,-.57141352,5.9611869,4.4204264,-1.9116251,-1.8271552
-.15475637,.85743695,-.36249438,.023949534,.73519814,-.13269383,2.7035522,1.8461154,-1.0121933,-.51226765
-1.5544585,-.86449665,1.0083908,2.4163413,.74735445,1.3438241,2.1749294,3.0394261,-.68996185,-.23802371
-.70803159,-.22843929,-1.4022151,.50130874,.052184507,.16174223,.34047228,.56891155,-.47959232,-.11500439
-.060196493,-1.6186606,.053155415,.0036236178,2.6200621,.097437687,2.1164393,3.7350998,1.5584641,-1.2144052
-.07901258,1.0545483,.17796916,.0062429877,1.112072,-.083322577,3.5349293,2.480381,-1.1335609,-.64248008
.60555619,-.050127875,-.15956396,.36669829,.0025128038,-.030355245,2.2019742,2.2521021,.65568405,-.2149608
-.86651355,.67697537,-1.6251369,.75084573,.45829564,-.58660835,1.7799709,1.1029955,-1.543489,-1.191179
.43037999,-2.5756898,-.78824979,.18522693,6.6341777,-1.1085254,4.056109,6.6317987,3.0060697,-4.5182276
-.9160471,.077394657,-1.5600152,.83914226,.0059899329,-.070897147,.71281016,.63541549,-.99344176,-.49346325
.92418849,.62124002,-.34514728,.85412437,.38593915,.57414287,2.4128661,1.7916261,.30294847,-.045888882
.13403705,-.49395448,-.57514662,.01796593,.24399103,-.066208199,1.316483,1.8104374,.62799156,-.19718668
1.0237764,.53827167,-.97699159,1.0481181,.28973639,.55106986,1.8247889,1.2865173,.48550475,-.11785742
.20068826,-1.2949229,.2264355,.040275779,1.6768254,-.25987583,2.4986224,3.7935452,1.4956112,-1.1184264
-.42370948,1.8872608,.75397831,.17952973,3.5617533,-.79965031,6.6182399,4.730979,-2.3109703,-2.6702919
.31032991,.72688204,-.80594677,.096304655,.52835751,.22557324,1.8827275,1.1558454,-.41655213,-.086757839
-.51424986,1.0059379,.57576686,.26445293,1.0119112,-.51730347,4.2811341,3.2751961,-1.5201879,-1.1554855
-.74908817,1.5181141,-.27030331,.56113309,2.3046703,-1.1372013,5.137753,3.6196389,-2.2672024,-2.5701029
-1.3541639,-1.5407395,-.26254541,1.8337598,2.3738782,2.0864139,.2700929,1.8108325,.18657565,-.017405177
-.65259415,-1.2884543,.091853127,.42587912,1.6601145,.84083772,1.196316,2.4847703,.63586015,-.20215909
.03288462,1.2332948,-.094518952,.0010813982,1.5210161,.040556431,3.4991453,2.2658505,-1.2004102,-.7204923
-.6189822,-1.4515537,-.30806017,.38313895,2.1070082,.8984859,.83674526,2.2882991,.83257151,-.34658769
-.9560616,-.23247167,1.2750618,.9140538,.054043081,.22225724,3.0873044,3.3197761,-.7235899,-.2617912
.71031898,-.31377468,-.049803928,.50455308,.09845455,-.22288011,2.4680333,2.7818079,1.0240936,-.5243839
-.01714685,-.94883204,-.0076342411,.00029401446,.9002822,.016269481,1.7570579,2.7058899,.93168521,-.43401864
1.7930875,.0075387666,.92042351,3.2151628,.000056833003,.013517668,5.0577192,5.0501804,1.7855487,-1.5940921
-.64131331,.17018411,1.2630748,.41128278,.028962629,-.10914133,3.5190737,3.3488896,-.81149745,-.32926404
.91379267,.84276891,-2.5040905,.83501703,.71025944,.77011603,.3625077,-.48026121,.071023762,-.0025221815
-.56506431,1.498702,-.57298684,.31929767,2.2461078,-.84686303,4.436151,2.937449,-2.0637665,-2.1295657
-.62694037,-.28326547,-1.9005905,.39305422,.080239326,.17759056,-.22790228,.055363193,-.3436749,-.059056211
.032972842,-.14740127,-1.253557,.0010872084,.021727135,-.0048602391,.66942143,.81682271,.18037412,-.016267411
-1.3116971,-2.3004577,1.0475266,1.7205493,5.2921057,3.0175037,1.5325208,3.8329785,.98876059,-.48882374
.032137506,.78906053,-.92622,.0010328193,.62261653,.025358437,1.9222299,1.1331694,-.75692302,-.28646624
-1.2278395,-.090157926,-.78687441,1.5075898,.0081284512,.11069946,1.4288229,1.5189807,-1.1376815,-.6471597
-.68241376,1.3377883,-.68624812,.46568853,1.7896776,-.91292518,4.0860877,2.7482994,-2.0202022,-2.0406082
1.0327091,-.66669947,.69065666,1.0664881,.44448817,-.6885066,3.9777746,4.644474,1.6994085,-1.4439948
-.11068676,.097449213,-.28961363,.012251558,.0094963489,-.010786338,1.767055,1.6696059,-.20813596,-.021660291
-.74039829,-.88691914,.61903214,.54818964,.78662556,.65667343,1.7868035,2.6737227,.14652085,-.010734188
-.18171258,-1.3331556,.04341127,.033019464,1.7773039,.24225116,1.7185991,3.0517547,1.151443,-.66291052
.79055601,-.34246719,.1479921,.62497884,.11728378,-.2707395,2.7873027,3.1297698,1.1330233,-.6418708
-.45285574,-1.5571535,-2.0048423,.20507832,2.424727,.70516586,-.62096965,.93618381,1.1042978,-.60973674
-2.5662911,1.2551153,.59597296,6.5858498,1.5753143,-3.2209911,10.00624,8.7511244,-3.8214064,-7.3015733
-.98709232,1.6017283,.44419202,.97435123,2.5655336,-1.5810537,6.6202703,5.0185418,-2.5888207,-3.3509963
1.2138538,-.13294534,.42372522,1.4734411,.017674465,-.16137622,3.6017537,3.734699,1.3467991,-.90693402
1.1479002,1.338017,.6236167,1.3176749,1.7902894,1.53591,3.9226708,2.5846539,-.19011676,-.018072139
-1.8459057,-.16674902,-1.0349885,3.4073677,.027805233,.30780295,1.704299,1.871048,-1.6791567,-1.4097835
.24666575,.89684552,-1.0851035,.060843989,.8043319,.22122107,1.8280549,.93120939,-.65017974,-.21136688
-.084973253,.74908191,1.3972125,.0072204536,.56112373,-.063651927,4.2439017,3.4948199,-.83405519,-.34782401
-.16203989,.080816396,1.4402028,.026256926,.0065312898,-.013095479,3.4776518,3.3968353,-.24285629,-.029489588
.48540005,.15067233,-1.2428248,.23561321,.022702152,.073136359,1.0642872,.91361487,.3347277,-.056021325
-.25558168,-1.072407,1.4751487,.065321997,1.1500568,.27408758,2.9813912,4.0537982,.81682533,-.33360183
-.2768313,.4078404,-1.3766813,.076635569,.16633379,-.11290299,1.0601453,.65230489,-.6846717,-.23438767
-.65444624,-2.0459938,-.17737493,.42829987,4.1860905,1.338993,1.1622977,3.2082915,1.3915476,-.96820223
-1.3361845,-1.5529158,-.57569671,1.7853891,2.4115474,2.0749819,-.040106811,1.512809,.21673131,-.023486204
-.054658346,-.60202557,.23833421,.0029875347,.36243477,.03290572,1.9503243,2.5523498,.54736722,-.14980543
.14037254,.037894562,.60513419,.019704452,.0014359978,.005319356,2.679023,2.6411285,.10247798,-.0052508689
-.99844986,-1.2777928,1.5052035,.99690211,1.6327544,1.275812,2.3502297,3.6280227,.27934295,-.039016221
-1.2917062,-.87046504,1.169975,1.668505,.75770938,1.1243851,2.2618597,3.1323247,-.42124116,-.088722073
1.7053639,-.19996729,.43009138,2.9082658,.03998692,-.34101701,4.6168666,4.816834,1.9053311,-1.8151433
-.36635748,.46633902,-.015110772,.1342178,.21747208,-.17084679,2.548111,2.0817719,-.8326965,-.34669173
1.3680906,.15324192,.40520695,1.8716719,.023483085,.20964883,3.6608322,3.5075903,1.2148488,-.73792869
-.52945322,.93960625,-.98793823,.2803207,.88285989,-.49747756,2.590018,1.6504118,-1.4690595,-1.0790678
-1.1219929,.80407202,.98618096,1.2588682,.64653182,-.90216315,5.0672965,4.2632246,-1.926065,-1.8548632
-.27363411,.95975542,2.2662864,.074875623,.92113048,-.26262182,5.6166496,4.6568942,-1.2333895,-.76062489
.36323249,1.4271209,1.0259662,.13193785,2.036674,.51837671,4.6998496,3.2727287,-1.0638884,-.56592923
.31221142,-.73715717,.16322707,.097475976,.5434007,-.23014888,2.2914677,3.0286248,1.0493686,-.55058724
-.66273326,1.3545398,1.1921537,.43921536,1.834778,-.89769852,5.9762068,4.6216669,-2.0172729,-2.0346951
-.10253084,1.1630803,-.43113154,.010512573,1.3527559,-.1192516,3.1531513,1.9900709,-1.2656112,-.80088586
-.76064396,1.3253371,.6824894,.57857925,1.7565182,-1.0081096,5.5576906,4.2323537,-2.0859809,-2.1756585
-.51782471,1.6252083,-1.0422968,.26814243,2.6413019,-.841573,4.2362967,2.6110883,-2.143033,-2.2962952
.34752426,-.35794786,.80264974,.12077311,.12812667,-.12439556,2.905189,3.2631369,.70547211,-.24884544
2.0808489,.11622356,.93060994,4.3299322,.013507916,.24184367,5.5660977,5.4498744,1.9646254,-1.9298764
-.65772218,-1.0919255,.47744915,.43259847,1.1923013,.71818364,1.6100509,2.7019763,.43420333,-.094266258
-.0038635475,-.8781271,.77046162,.000014926999,.7711072,.0033926857,2.536782,3.4149091,.87426353,-.38216838
-.33605587,-.034366496,.40950009,.11293355,.001181056,.011549063,2.3301351,2.3645017,-.30168939,-.045508243
-2.2603834,1.1992681,-1.8599073,5.109333,1.438244,-2.7108057,6.2860594,5.086791,-3.4596515,-5.9845943
-.045543768,-.48841077,1.2859089,.0020742347,.23854508,.022244066,3.0284238,3.5168345,.44286701,-.098065585
.43894354,-1.4757316,1.0018443,.19267143,2.1777837,-.64776284,3.9335055,5.4092369,1.9146751,-1.8329904
-1.0390813,-.21221855,.9011544,1.07969,.045036715,.22051233,2.782728,2.9949465,-.82686281,-.341851
-.69757557,.90772378,-.73527533,.48661166,.82396245,-.63320595,2.9793518,2.0716281,-1.6052994,-1.288493
1.6860818,.55109113,-.73241413,2.8428717,.30370143,.92918473,2.8032761,2.2521849,1.1349907,-.64410186
.039673619,-.085871883,-.063631937,.001573996,.0073739802,-.0034068483,1.8960407,1.9819126,.1255455,-.0078808367
.66782558,.80556959,1.8888122,.44599101,.64894235,.53797996,4.6625452,3.8569756,-.13774401,-.0094867023
-1.1628209,-1.2389531,.73654866,1.3521526,1.5350049,1.4406806,1.5233333,2.7622864,.076132178,-.0028981019
-1.5850995,-2.6753628,.58039963,2.5125403,7.1575661,4.240716,.82645303,3.5018158,1.0902634,-.59433705
-.09592364,.60539389,.36152953,.009201345,.36650175,-.058071584,3.0024512,2.3970573,-.70131755,-.24592313
1.384397,.55177522,-.64688694,1.9165552,.30445588,.76387596,2.5013044,1.9495292,.83262181,-.34662956
.14713876,.37388638,-1.5333219,.021649815,.13979103,.055013176,.79824746,.42436108,-.22674762,-.025707243
-1.4351649,1.4339147,.88728499,2.0596983,2.0561113,-2.057904,7.5762844,6.1423697,-2.8690796,-4.115809
1.6735443,-.66921788,-1.4729007,2.8007505,.44785258,-1.1199658,3.3049774,3.9741952,2.3427622,-2.7442672
1.1227161,.21285157,-1.9727303,1.2604914,.045305792,.23897187,.92700738,.71415579,.90986449,-.41392669
-.65304446,-1.0948513,.45014948,.42646706,1.1986992,.71498656,1.5854368,2.6802881,.44180679,-.097596601
-.28521061,.60474378,1.4937304,.081345089,.36571503,-.17247935,4.2274971,3.6227534,-.88995439,-.39600939
-.13706788,-1.7409725,.30539012,.018787606,3.0309854,.23863141,2.3318441,4.0728168,1.6039046,-1.286255
1.2283801,-1.2978792,1.6941171,1.5089177,1.6844904,-1.5942889,6.3451085,7.6429877,2.5262594,-3.1909931
1.4080241,-.74118733,-.49934801,1.9825318,.54935867,-1.0436096,3.713783,4.4549704,2.1492114,-2.3095548
-1.2282619,-.90461665,-.8994211,1.5086274,.8183313,1.1111062,.15124187,1.0558585,-.32364529,-.052373145
.2137686,2.2343826,.84031159,.045697015,4.992466,.47764084,6.5099506,4.275568,-2.0206141,-2.0414407
.91582412,.91187108,-2.6378329,.83873379,.83150887,.83511353,.27523193,-.63663912,.0039530396,-7.8125140e-06
-.49885818,-.84583205,.11635496,.24885948,.71543187,.42195025,1.4348105,2.2806425,.34697387,-.060195435
.67408538,.1932364,.840536,.45439109,.037340306,.13025783,3.2936349,3.1003985,.48084897,-.11560787
.1856844,-.1061419,-1.3923004,.034478694,.011266103,-.019708896,.63168693,.73782885,.29182631,-.042581294
.62556028,-.9087975,.94283819,.39132568,.82591289,-.56850761,3.6714749,4.5802727,1.5343578,-1.1771269
-.65549099,.55249262,-1.8918512,.42966846,.30524808,-.36215395,1.0278586,.475366,-1.2079836,-.72961223
-.20957527,.29190296,.42220339,.043921791,.085207336,-.061175641,2.6894031,2.3975,-.5014782,-.1257402
-.72416764,.853697,.42743778,.52441877,.72879857,-.61821973,4.0526037,3.1989067,-1.5778646,-1.2448285
1.1223402,-.017694147,-.35418198,1.2596475,.00031308286,-.019858852,2.6199734,2.6376677,1.1400343,-.64983916
.45683452,-.52184713,.16227071,.20869778,.27232441,-.23839779,2.4129369,2.9347839,.97868168,-.4789089
-1.3194575,-.61034721,.26686764,1.7409682,.37252373,.80532724,1.695206,2.3055532,-.70911032,-.25141874
.80445266,.74705869,-1.1095724,.64714408,.55809671,.60097337,1.6563514,.90929276,.057393968,-.0016470448
.87174797,.27377221,.68682534,.7599445,.074951224,.23866037,3.3187778,3.0450056,.59797573,-.1787875
-.48615342,.31820372,-.20961075,.23634516,.10125361,-.15469582,2.1907811,1.8725774,-.80435717,-.32349521
.041867625,.43438566,-.65908325,.001752898,.1886909,.018186696,1.7345822,1.3001965,-.39251804,-.077035204
1.0163791,.88079888,-2.498404,1.0330265,.77580667,.89522558,.43225989,-.44853899,.13558024,-.0091909757
.12523864,-1.8035604,-2.5821238,.015684718,3.25283,-.22587545,.053088397,1.8566488,1.928799,-1.8601328
-.90450019,-.92827398,-1.1748569,.8181206,.86169255,.83962399,-.095716156,.8325578,.023773789,-.00028258906
-.58083475,-.75338763,1.6997783,.33736899,.56759292,.4375937,3.0130439,3.7664316,.17255288,-.014887244
-1.4247421,.43374771,2.6989636,2.0298901,.18813707,-.61797863,6.3021564,5.8684087,-1.8584898,-1.7269921
1.1361995,-.63350731,.80841857,1.2909492,.40133151,-.7197907,4.2717543,4.9052615,1.7697067,-1.5659311
.29211393,2.5220573,1.3899297,.085330546,6.3607731,.73672807,7.7293277,5.2072706,-2.2299433,-2.4863238
.30961782,1.786841,1.4271363,.095863193,3.192801,.5532378,5.8619046,4.0750637,-1.4772232,-1.0910943
-.70600563,-.37089294,1.0719366,.49844396,.13756157,.2618525,2.6566601,3.0275531,-.33511269,-.056150261
.052908227,.4998562,-1.0619885,.0027992805,.24985622,.026446505,1.4036646,.90380836,-.44694799,-.099881247
-.29760072,-.20743756,1.3560766,.088566184,.04303034,.061733566,3.1256547,3.3330922,-.090163156,-.0040646959
-.21651106,.33821002,.29179016,.046877038,.11438601,-.073226206,2.6174417,2.2792315,-.55472106,-.15385774
1.2998095,-1.0514162,-1.3849884,1.6895046,1.1054759,-1.3666407,3.0330939,4.0845098,2.3512256,-2.7641308
.14187422,-1.488973,-.7552498,.020128295,2.2170408,-.21124689,1.5748628,3.0638359,1.6308472,-1.3298315
1.5506152,-.28913984,1.0073873,2.4044075,.083601847,-.44834462,4.9625235,5.2516632,1.8397551,-1.6923493
.25155967,.59794402,1.7327578,.063282266,.35753706,.15041861,4.2867775,3.6888335,-.34638435,-.059991062
.52192128,-.83485788,-.51622725,.27240181,.69698769,-.4357301,1.9763734,2.8112314,1.3567791,-.92042482
-.070434757,1.2933393,.26411992,.0049610548,1.6727264,-.091096036,4.0782666,2.7849274,-1.3637741,-.92993975
.46822473,-.46600762,1.3075038,.21923441,.2171631,-.21819629,3.558161,4.0241685,.93423235,-.43639505
1.1357834,-.40811917,.77952707,1.290004,.16656126,-.46353498,4.0263963,4.4345155,1.5439026,-1.1918176
-.51231825,-.049567662,.0064139278,.26247001,.0024569531,.025394417,1.9250902,1.9746579,-.46275058,-.10706906
1.2304106,.54995424,.34328046,1.5139102,.30244967,.67666948,3.328882,2.7789278,.68045634,-.23151042
-1.137331,-.55932844,.18469146,1.2935219,.3128483,.6361416,1.6190058,2.1783342,-.57800257,-.16704352
-.27438268,-2.0115218,1.5228217,.075285852,4.0462198,.55192673,3.5412676,5.5527897,1.7371391,-1.5088261
-.42646191,-.31495413,.28152636,.18186976,.099196106,.13431594,1.9393369,2.2542911,-.11150777,-.006216994
-.33622879,.66212028,.3101601,.1130498,.43840328,-.2226239,3.1711261,2.5090058,-.99834907,-.49835044
-.26722458,1.0028058,-.13778552,.07140898,1.0056195,-.26797438,3.2904999,2.287694,-1.2700304,-.80648863
.50992978,.50806403,-.88514423,.26002836,.25812906,.25907698,1.6234813,1.1154172,.0018657446,-1.7333459e-06
.11293949,.29272628,1.5866095,.012755329,.085688673,.033060357,3.8415613,3.548835,-.17978679,-.016161643
.43521509,-1.0542431,.059689734,.18941218,1.1114285,-.45882249,2.561527,3.6157701,1.4894582,-1.1092428
-1.3237634,-1.0488104,-1.1629428,1.7523495,1.1000031,1.3883767,-.25643945,.79237092,-.27495301,-.037799567
.36550704,-1.3233542,-1.2102587,.13359539,1.7512665,-.4836953,1.3991717,2.7225261,1.6888613,-1.4261262
-1.4284613,.22135614,-1.7198681,2.0405018,.048998538,-.31619868,1.3674917,1.1461356,-1.6498175,-1.3609489
-.35277078,-.087261602,1.1518964,.12444722,.0076145874,.030783342,3.0202296,3.1074913,-.26550919,-.035247561
-.064610168,.56415302,-1.3376392,.0041744737,.31826863,-.036450021,1.2355564,.67140335,-.6287632,-.19767158
-.20194818,.2197462,-.28214088,.040783066,.048288394,-.044377346,1.9000101,1.6802639,-.4216944,-.088913076
.84779626,1.7576276,-.9988392,.71875852,3.0892549,1.4901102,2.8997355,1.1421078,-.90983135,-.41389659
-1.2041366,-.24191797,-.085068487,1.449945,.058524303,.29130229,1.8472803,2.0891981,-.96221864,-.46293235
.21660592,-.28677133,1.5147022,.046918124,.082237795,-.062116366,3.5056384,3.7924097,.50337726,-.12669432
-.66219765,-.99721754,-.14890318,.43850574,.99444282,.66035509,1.0105045,2.0077219,.33501989,-.05611917
-.606875,.56345457,-.1606378,.36829728,.31748104,-.34194648,2.7365534,2.1730988,-1.1703296,-.68483567
-.11663098,.6354174,1.5560859,.013602785,.40375528,-.074109353,4.2486773,3.6132598,-.75204837,-.2827884
.13139263,.028735721,-.49621946,.017264023,.00082574168,.003775662,1.5685825,1.5398468,.10265691,-.0052692206
-.38457054,-.96506828,1.2585102,.1478945,.93135679,.37113681,2.63608,3.6011484,.58049774,-.16848882
-1.9753557,-.82515126,1.9988945,3.9020302,.68087459,1.6299673,3.4901669,4.3153181,-1.1502044,-.66148514
1.4466239,1.5897734,-1.7273892,2.0927207,2.5273795,2.2998042,1.8296852,.23991179,-.1431495,-.010245876
-.15283516,1.1253474,.68782061,.023358587,1.2664068,-.17199264,4.2465887,3.1212413,-1.2781825,-.81687534
-.5537526,-.020273365,1.5265222,.30664194,.00041100933,.011226429,3.4885051,3.5087786,-.53347921,-.14230004
-1.6555719,1.2693059,-.42379752,2.7409184,1.6111376,-2.1014273,6.2455006,4.9761944,-2.9248779,-4.2774553
2.7948611,-.11663786,-2.7712541,7.8112483,.01360439,-.32598659,4.2239709,4.3406086,2.911499,-4.2384129
-1.7358992,-1.7049662,-1.2299882,3.013346,2.9069097,2.9596496,-.94375604,.76121014,-.030933022,-.00047837262
.48286238,-.61814219,.40255916,.23315609,.38209978,-.29847762,2.720824,3.3389661,1.1010046,-.60610557
1.495862,-.17773603,2.6485667,2.2376032,.031590097,-.26586857,6.3733754,6.5511112,1.6735981,-1.4004653
1.7756121,-.40038359,-.069817476,3.1527984,.16030702,-.71092594,4.5500765,4.95046,2.1759958,-2.3674786
1.5330414,.89815068,1.1615342,2.3502159,.80667466,1.3769021,4.4516954,3.5535448,.63489068,-.20154314
.807706,.69218242,.60003757,.65238899,.4791165,.55907989,3.33355,2.6413674,.11552358,-.0066728508
.72536016,.25670579,.88105303,.52614737,.06589786,.18620415,3.3881736,3.1314678,.46865436,-.10981846
.90610576,.57898736,.11458624,.82102764,.33522636,.52462375,2.8452125,2.2662251,.3271184,-.053503215
-2.6858811,-1.1825191,-.47527295,7.2139573,1.3983513,3.1761057,1.0212479,2.2037668,-1.5033621,-1.1300486
-1.2779026,.56849611,-2.4398563,1.6330351,.32318783,-.72648263,1.2793143,.71081817,-1.8463987,-1.7045941
-.52395862,.60784006,-.25420946,.27453265,.36946955,-.31848305,2.6545751,2.046735,-1.1317987,-.64048415
.86987019,-2.2770722,.20404018,.75667411,5.1850576,-1.9807572,5.8226738,8.0997458,3.1469424,-4.951623
1.0401177,1.1040618,2.5643904,1.0818449,1.2189525,1.1483543,5.6513133,4.5472517,-.063944101,-.0020444226
-1.5686159,-.77232194,-.087491378,2.4605558,.5964812,1.2114764,1.2183405,1.9906625,-.79629397,-.31704202
.24094942,1.2656909,2.0712736,.058056623,1.6019735,.30496749,5.5545897,4.2888989,-1.0247415,-.5250476
-1.188984,-1.1429033,-.51365787,1.4136831,1.306228,1.3588939,.33067626,1.4735796,-.046080709,-.0010617371
-.10228151,-.067925751,-.35552308,.010461507,.0046139075,.0069475486,1.5668346,1.6347604,-.03435576,-.00059015898
-.67833513,-.32896855,2.531997,.46013856,.10822031,.22315092,4.1592469,4.4882154,-.34936658,-.061028507
-2.0065339,.75685263,.24389687,4.0261784,.57282591,-1.5186504,5.9898863,5.2330337,-2.7633865,-3.8181527
-.38322657,-.028564634,.600811,.14686261,.00081593829,.010946726,2.5287404,2.5573051,-.35466194,-.062892549
-1.3327702,1.0551411,-1.2599981,1.7762765,1.1133227,-1.4062606,3.9298298,2.8746886,-2.3879113,-2.8510602
-.5361734,.96597427,-.51442397,.2874819,.9331063,-.51792973,3.1291299,2.1631556,-1.5021477,-1.1282238
1.5359771,-.64456046,-.66286296,2.3592257,.41545817,-.99003011,3.7241099,4.3686705,2.1805377,-2.377372
1.0890386,1.4032985,-1.792949,1.1860051,1.9692466,1.5282463,1.5654511,.16215265,-.31425989,-.049379624
-1.4461145,1.3955852,-.049805287,2.0912473,1.9476579,-2.0181761,6.5308986,5.1353135,-2.8416996,-4.0376287
-.66605335,-.48662457,.74774826,.44362706,.23680347,.32411793,2.2233925,2.710017,-.17942879,-.016097339
.72624093,.46136636,-.66188216,.52742589,.21285892,.33506313,1.9140258,1.4526594,.26487458,-.035079267
-.71978766,-.34695774,1.2336421,.5180943,.12037968,.24973591,2.8443365,3.1912942,-.37282991,-.069501087
1.4286636,.74506664,-.099877894,2.0410798,.55512428,1.0644495,3.0839202,2.3388536,.68359697,-.23365243
-1.8612065,.22975881,-.047216766,3.4640899,.052789114,-.42762861,3.7413206,3.5115619,-2.0909653,-2.1860681
1.1581268,-1.951105,1.0867953,1.3412578,3.8068106,-2.2596271,6.9021211,8.8532257,3.1092319,-4.8336611
.23475575,.31767124,-.28065065,.055110265,.10091501,.074575149,2.0155835,1.6979122,-.082915485,-.0034374881
.19948645,-.89803207,-.25184023,.039794844,.80646157,-.17914523,1.7816567,2.6796889,1.0975186,-.60227346
1.4446446,-1.613414,-.076853245,2.086998,2.6031048,-2.3308098,5.9030113,7.5164251,3.0580587,-4.6758614
.25680107,-.73329496,-.24770072,.065946788,.53772151,-.18831094,1.8061782,2.5394731,.99009603,-.49014509
-.47924873,-1.8665709,1.1603692,.22967935,3.4840872,.89455175,2.6723263,4.5388975,1.3873222,-.96233153
.25507599,2.1511338,-.39851052,.06506376,4.6273766,.5487026,4.9813237,2.8301899,-1.8960578,-1.7975175
.5560354,-.063941322,.21162969,.30917537,.0040884926,-.035553638,2.525867,2.5898082,.6199767,-.19218557
-1.7982582,-1.2882204,.76762462,3.2337325,1.6595118,2.3165529,1.4564621,2.7446826,-.51003778,-.13006924
-1.2729601,-1.3648962,1.7402341,1.6204274,1.8629416,1.7374583,2.407145,3.7720413,.091936111,-.0042261663
.175548,-.67379475,-.56167442,.030817101,.45399937,-.11828332,1.3800253,2.0538201,.84934276,-.36069155
-1.3095527,-1.4903227,-.26823977,1.7149282,2.2210617,1.9516561,.31200737,1.80233,.18077004,-.016338846
-.75485611,1.7609658,.71647835,.56980777,3.1010005,-1.3292758,6.8873777,5.1264119,-2.5158219,-3.16468
1.1898755,.94521046,-.47973415,1.4158037,.89342278,1.1246828,2.5688062,1.6235957,.24466503,-.029930478
.54042244,-.91219473,-.59451056,.29205641,.8320992,-.4929705,1.9841281,2.8963227,1.4526172,-1.0550483
1.846101,.012994289,.762954,3.4080892,.00016885156,.02398877,5.0060205,4.9930263,1.8331068,-1.6801403
1.2022264,.25685087,.79912537,1.4453483,.065972365,.30879289,3.7864563,3.5296054,.94537556,-.44686741
1.3532759,.69425929,.087717339,1.8313557,.48199597,.93952435,3.1968331,2.502574,.65901661,-.21715148
-.059976302,.64483321,-.0034552827,.0035971568,.41580987,-.038674712,2.6783133,2.0334802,-.70480949,-.24837822
-.11675671,-2.0801506,.28782246,.013632131,4.3270264,.24287155,2.7241478,4.8042984,1.9633939,-1.9274577
.41984081,-.24469015,1.0028263,.17626631,.059873268,-.10273091,3.1782961,3.4229863,.66453099,-.2208007
-1.1889035,-.31799847,1.2565801,1.4134914,.10112303,.37806949,3.0565479,3.3745463,-.87090498,-.37923771
-1.8362321,.0033420348,.31437603,3.3717482,.000011169196,-.0061367513,3.4578624,3.4545202,-1.8395741,-1.6920165
.4022007,.2444331,.20045052,.1617654,.059747543,.098311163,2.5046592,2.260226,.15776759,-.012445305
1.8533887,-1.5900505,.3756316,3.4350495,2.5282605,-2.9469814,7.7472491,9.3372993,3.443439,-5.9286366
-1.1825972,-1.4222348,-.52638537,1.3985361,2.0227518,1.6819308,.1519843,1.5742191,.23963761,-.028713142
.2834011,1.0528568,-.1706253,.080316186,1.1085074,.29838079,2.9474258,1.894569,-.76945567,-.296031
.29385853,-1.3112453,.68109959,.086352833,1.7193643,-.38532063,3.1395645,4.45081,1.6051039,-1.2881792
-2.096827,.70409799,.52675569,4.3966837,.49575397,-1.4763716,6.3131666,5.6090689,-2.800925,-3.9225905
-.052661978,1.1955976,-.60542911,.002773284,1.4294537,-.062962539,2.9947667,1.7991691,-1.2482597,-.77907604
-.15911365,.49448779,1.1814065,.025317153,.24451818,-.078679755,3.6934114,3.1989236,-.65360141,-.21359742
1.2744714,.15944633,.16271921,1.6242774,.025423132,.20320979,3.2783134,3.1188672,1.115025,-.62164044
1.3747047,-.13341296,-1.4007423,1.8898131,.017799018,-.18340342,2.0554895,2.1889024,1.5081177,-1.1372094
.67201096,.81650388,-1.6797431,.45159873,.66667861,.54869956,1.103852,.28734815,-.14449292,-.010439114
.15988916,-1.5927316,-.80347353,.025564544,2.5367939,-.25466052,1.6654209,3.2581525,1.7526207,-1.5358398
.28564432,.53776014,1.9660758,.081592679,.28918597,.15360813,4.4599824,3.9222221,-.25211582,-.031781193
-2.2281995,1.8878216,1.0998819,4.9648728,3.5638702,-4.2064428,12.223711,10.33589,-4.1160212,-8.4708147
2.1218703,.42450216,.66357297,4.5023336,.18020208,.90073854,5.0378151,4.6133127,1.6973681,-1.4405293
.056012567,-1.5337827,.06588915,.0031374076,2.3524895,-.08591111,2.2727695,3.8065522,1.5897952,-1.2637246
.99251091,.53490919,.24329858,.98507792,.28612784,.53090322,3.0201879,2.4852786,.45760173,-.10469967
-.038204126,-.28561342,.1853141,.0014595552,.081575021,.010911611,2.0045292,2.2901425,.24740928,-.030605678
2.1646097,-1.9202439,1.1543334,4.685535,3.6873364,-4.1565785,10.80256,12.722804,4.0848536,-8.3430138
.73446441,-1.3777317,.90162504,.53943795,1.8981446,-1.0118949,4.3882384,5.7659702,2.112196,-2.2306862
-1.0422559,.17365254,.47928575,1.0862973,.030155206,-.18099038,3.0273824,2.8537297,-1.2159084,-.73921663
.54844439,-1.4896953,.051761694,.30079126,2.219192,-.81701505,3.250515,4.7402105,2.0381398,-2.0770066
.21512106,1.1804636,.78716922,.046277072,1.3934942,.25394258,4.1439729,2.9635093,-.96534252,-.4659431
1.9569973,.29295841,-1.284999,3.8298383,.085824631,.57331878,2.8916838,2.5987253,1.6640389,-1.3845127
1.0083573,.059825122,.59400606,1.0167844,.0035790452,.060325097,3.3882475,3.3284223,.94853216,-.44985664
-.018141473,-.47619155,1.843738,.00032911304,.22675839,.008638816,3.6098664,4.0860581,.45805007,-.10490493
-2.2685213,.16919968,-1.9019995,5.1461887,.02862853,-.38383308,2.5071256,2.3379259,-2.437721,-2.9712417
-.24744408,-.1805169,1.0862941,.061228573,.032586351,.044667836,2.8879387,3.0684557,-.06692718,-.0022396245
-1.5934615,.78743398,.18579891,2.5391195,.62005228,-1.2547457,5.0932961,4.3058619,-2.3808956,-2.8343315
-.51445526,.07064344,-1.0883393,.2646642,.0049904957,-.036342889,.97794473,.90730131,-.58509868,-.17117023
-1.8468649,1.4666787,-.31556204,3.4109101,2.1511464,-2.7087576,7.6468396,6.180161,-3.3135438,-5.4897857
-.020076439,-2.4978354,-.42465478,.0004030634,6.2391815,.050147638,2.8904822,5.3883176,2.4777589,-3.0696447
-.62507766,-.1571672,.76018548,.3907221,.024701528,.098241702,2.5721152,2.7292824,-.46791047,-.10947011
2.1092126,.98702425,.084965013,4.4487782,.97421688,2.0818441,4.0382991,3.0512748,1.1221883,-.62965351
-.62898564,.91317415,1.4759719,.39562294,.83388704,-.57437342,5.1156263,4.2024522,-1.5421598,-1.1891284
-.68184066,-1.0491716,.14094143,.46490669,1.1007609,.71536785,1.269435,2.3186066,.36733091,-.067465983
-.29140079,-.40635791,-.18281944,.084914424,.16512676,.11841302,1.4519174,1.8582753,.11495712,-.0066075725
.6255222,-1.3706917,-1.6430608,.39127803,1.8787956,-.85739803,1.5775466,2.9482384,1.9962139,-1.9924349
-.067036025,.51476997,1.1857823,.0044938289,.26498812,-.034508131,3.6952596,3.1804895,-.581806,-.1692491
1.0616865,1.9871186,-.33022541,1.1271783,3.9486403,2.1096971,3.8074758,1.8203572,-.92543209,-.42821231
-1.1421756,-.61686569,-.65444434,1.304565,.38052329,.70456892,.70907223,1.325938,-.52530986,-.1379752
-2.0287681,.89413023,-.5003109,4.1159,.79946887,-1.8139828,5.7886171,4.8944869,-2.9228983,-4.2716675
-1.212474,-1.0478115,-.69185501,1.4700931,1.097909,1.2704442,.22449163,1.2723031,-.16466248,-.013556854
-.99447298,-1.6026194,-.41871449,.98897654,2.5683889,1.5937617,.34603107,1.9486505,.60814643,-.18492104
.56975317,-1.1779195,.39090425,.32461867,1.3874943,-.67112339,3.2644665,4.4423862,1.7476727,-1.5271798
.26716048,-1.4130661,-1.5443225,.071374722,1.996756,-.37751544,.95826012,2.3713262,1.6802266,-1.4115808
2.2511463,-.48965612,-.99058992,5.0676599,.23976311,-1.1022875,5.0979939,5.5876498,2.7408025,-3.7559991
1.0599482,1.3009012,-.44136894,1.1234902,1.6923438,1.3788879,2.8162756,1.5153744,-.24095297,-.029029157
.8558082,.24583904,-.76858866,.73240769,.060436837,.21039107,1.8462723,1.6004333,.60996914,-.18603119
-.36289904,.75700366,-.93477124,.1316957,.57305455,-.2747159,2.1133525,1.3563489,-1.1199027,-.62709105
-.43493909,-.027720792,-1.6336515,.18917201,.00076844235,.012056856,.29937559,.32709637,-.40721831,-.082913369
-.87220156,.64738452,1.4647954,.76073557,.41910672,-.56464982,4.8108749,4.1634903,-1.5195861,-1.1545709
-1.6516584,1.3166955,-1.0879585,2.7279756,1.7336869,-2.174731,5.743793,4.4270973,-2.9683537,-4.4055624
-.41819039,-.34119716,-.4556137,.1748832,.1164155,.14268537,1.1830552,1.5242523,-.076993227,-.0029639767
.14244324,.58015078,-.67486125,.020290077,.33657494,.082638554,1.8697712,1.2896204,-.43770754,-.095793955
-1.6091806,-3.1348748,-.12081598,2.589462,9.8274403,5.0445795,.3658891,3.5007639,1.5256943,-1.1638715
-.094539396,-.063201793,.81944084,.0089376979,.0039944667,.0059750592,2.7473288,2.8105307,-.031337604,-.00049102295
-.43130648,1.6895387,.49195254,.18602528,2.8545411,-.72870898,5.79423,4.1046915,-2.1208453,-2.2489922
-.30986059,.733464,1.8110851,.096013583,.53796947,-.22727159,4.775815,4.0423508,-1.0433246,-.54426312
-2.0150781,-.32660657,-1.1396632,4.0605397,.10667185,.65813774,1.4526569,1.7792635,-1.6884716,-1.4254681
-.65346014,-.62721455,-1.3399366,.42701015,.39339811,.40985972,.025319567,.65253413,-.026245594,-.00034441601
-.10742936,-.091135278,.61473584,.011541067,.008305639,.009790604,2.5188451,2.6099803,-.016294077,-.00013274865
1.6301283,-1.2424034,-1.6842896,2.6573181,1.5435662,-2.0252769,4.0607858,5.3031893,2.8725317,-4.1257191
.95809436,-1.3994336,.30035704,.91794479,1.9584144,-1.3407894,4.3871508,5.7865844,2.357528,-2.778969
-.48134813,-1.9909369,.99405676,.23169602,3.9638298,.95833373,2.5954256,4.5863624,1.5095887,-1.1394292
-.55715239,-.88771677,.012607249,.31041878,.78804106,.49459353,1.2786962,2.1664128,.33056438,-.0546364
-.73588663,-.59224761,1.3181623,.54152912,.35075721,.43582711,2.6931391,3.2853866,-.14363903,-.010316069
1.0100929,.82227314,.89972389,1.0202876,.6761331,.83057225,3.7959812,2.9737082,.18781972,-.017638147
2.6124392,-.73926222,-1.0759041,6.8248382,.54650861,-1.9312776,6.8072948,7.5465569,3.3517013,-5.616951
.17785573,-.24092124,-.16517818,.031632662,.058043044,-.042849224,1.8072207,2.048142,.41877699,-.087687075
.33674029,-.72366124,-.10010646,.11339402,.52368557,-.24368589,2.0565784,2.7802396,1.0604016,-.5622257
.39230993,1.5519538,.030619625,.15390709,2.4085605,.6088469,3.9070671,2.3551133,-1.1596439,-.67238688
.27922109,-2.6185281,.036631636,.077964418,6.8566895,-.73114824,4.4859033,7.1044312,2.8977492,-4.1984754
-.38051015,.10964249,-.014124773,.14478798,.012021475,-.041720081,2.0685968,1.9589543,-.49015266,-.12012481
.6530472,.39218804,.72869223,.42647064,.15381145,.25611731,3.2331617,2.8409736,.26085916,-.034023743
-.61160558,-1.5575212,.34286717,.37406141,2.4258723,.95258868,1.5164988,3.0740199,.94591564,-.44737819
-.11124764,.13171309,.1977154,.012376036,.017348338,-.01465277,2.2860553,2.1543422,-.24296072,-.029514957
-1.5706079,.037038669,-.67645848,2.4668093,.0013718629,-.058173224,2.1705501,2.1335115,-1.6076466,-1.2922637
.92430556,-.058855757,-.70904815,.85434079,.0034640001,-.054400705,2.0103476,2.0692034,.98316133,-.4833031
.23693888,.97997254,.61546385,.056140032,.96034616,.23219359,3.6485758,2.6686032,-.74303365,-.27604949
.56549031,-1.3712736,.8513661,.31977928,1.8803914,-.77544194,3.9366488,5.3079224,1.936764,-1.8755273
-1.6968743,-.11324074,-.041873135,2.8793824,.012823465,.1921553,2.6237438,2.7369845,-1.5836335,-1.2539476
.82996583,-.67981553,.01562955,.68884325,.46214914,-.56422365,2.9284682,3.6082838,1.5097814,-1.1397198
.70125598,-2.068321,-.82674164,.49175996,4.2779517,-1.4504224,3.7710886,5.8394098,2.769577,-3.8352783
-.35381711,-.36108321,1.0092684,.12518655,.13038108,.12775742,2.6503913,3.0114746,.0072661042,-.000026396621
.24181503,1.3192158,-.94328862,.058474507,1.7403302,.3190062,2.6331031,1.3138874,-1.0774007,-.58039618
.27970043,.45726177,.46328974,.078232333,.20908833,.12789631,2.8830471,2.4257853,-.17756134,-.015764017
-.044980031,2.4415696,.63252777,.0020232031,5.9612617,-.10982187,7.4195967,4.9780273,-2.4865496,-3.0914643
-.40643093,.30052397,.97564358,.16518611,.090314656,-.12214223,3.3139737,3.0134497,-.7069549,-.24989262
-.028990271,.67570591,-1.2293812,.00084043579,.45657846,-.019588897,1.4832141,.80750823,-.70469618,-.24829835
1.3504627,-.28398389,.98158002,1.8237494,.08064685,-.38350964,4.5236378,4.8076215,1.6344466,-1.3357078
-.77622551,-1.8127187,-.2274663,.60252601,3.2859492,1.4070785,.80792207,2.6206408,1.0364933,-.53715909
.58280659,.51424891,.41051194,.33966351,.26445195,.29970765,2.9476783,2.4334295,.06855768,-.0023500773
1.6261305,-.1774677,1.3141735,2.6443002,.031494785,-.28858563,5.3042684,5.4817362,1.8035982,-1.6264832
-.029368989,1.01315,-.36224785,.00086253753,1.0264729,-.02975519,2.8815694,1.8684194,-1.042519,-.54342294
.022782177,1.4575694,.16580176,.00051902758,2.1245084,.033206604,4.2222419,2.7646725,-1.4347872,-1.0293071
.19560018,-1.2476535,-.19439326,.038259432,1.5566392,-.24404125,2.0324199,3.2800734,1.4432536,-1.0414906
-.36816567,-.60579056,.11999978,.13554597,.36698219,.22303128,1.6137295,2.2195201,.23762488,-.028232794
.54422688,-.2738331,.089543797,.2961829,.074984565,-.14902733,2.3957398,2.6695728,.81805998,-.33461106
-1.112118,-.79205316,-.44299474,1.2368065,.62734818,.88085657,.72015339,1.5122066,-.32006484,-.051220763
-.046062626,-.48458606,2.1843917,.0021217654,.23482364,.022321306,3.9275141,4.4121003,.43852344,-.096151397
.76105624,-.75885016,1.976874,.57920659,.57585359,-.57752764,4.8290534,5.5879035,1.5199064,-1.1550578
.86231601,.4545294,1.4848289,.74358892,.20659699,.39194798,4.1448393,3.69031,.40778661,-.08314497
-.16325586,1.5621207,-.017164962,.026652474,2.4402211,-.25502536,4.5158048,2.9536841,-1.7253765,-1.4884621
.60028124,-.2401187,-.12081239,.36033756,.057656989,-.14413875,2.2443249,2.4844437,.84039992,-.35313603
.29138178,.37282008,.79749155,.084903337,.13899481,.10863297,3.1491961,2.776376,-.081438303,-.0033160981
-.22083141,-.78553838,.17728192,.048766512,.61707056,.17347154,1.7206026,2.5061409,.56470698,-.15944698
-.68760324,.66617787,1.3988993,.4727982,.44379294,-.45806605,4.5753045,3.9091268,-1.3537811,-.91636163
.32488614,-.094379418,.31923062,.105551,.0089074746,-.030662565,2.4385226,2.532902,.41926557,-.087891802
-.45839465,-.72588819,-.37288341,.21012565,.52691364,.33274326,1.0172528,1.7431409,.26749355,-.035776388
-.99028009,-.19510366,.9208504,.98065466,.038065437,.19320726,2.8033466,2.9984503,-.79517645,-.31615278
-1.1804788,-.19867793,-.067558125,1.3935302,.039472919,.23453508,1.9211901,2.119868,-.98180091,-.4819665
-.2502932,1.6223905,-.017336406,.062646687,2.6321509,-.4060733,4.796721,3.1743305,-1.8726838,-1.7534721
-1.5760206,.71649879,.27999896,2.4838409,.51337051,-1.1292169,4.9365644,4.2200656,-2.2925193,-2.6278226
.15091383,.83304775,-.071999907,.022774985,.69396853,.12571843,2.7890611,1.9560133,-.68213391,-.23265333
.2226478,-.36898163,-.36293218,.049572043,.13614744,-.082152948,1.6205877,1.9895693,.59162945,-.17501269
.092212431,-2.2079427,-.053442255,.0085031325,4.875011,-.20359977,3.0740185,5.2819614,2.3001552,-2.6453569
.10092974,-.24006316,.38135958,.010186814,.057630323,-.024229513,2.3017323,2.5417955,.3409929,-.05813808
.10008481,-.33470923,.52017683,.010016969,.11203027,-.033499312,2.4104288,2.7451379,.43479404,-.094522931
.93986821,.29859647,1.9041784,.88335228,.089159854,.28064132,4.600771,4.3021746,.64127171,-.20561473
-.28484553,-.70792991,.075775608,.081136979,.50116473,.20165066,1.5842712,2.292201,.42308438,-.089500189
2.1360755,-.11477617,-.067523807,4.5628185,.01317357,-.24517056,5.0261221,5.1408982,2.2508516,-2.5331666
-.097128741,.32446748,.75857735,.0094339922,.10527915,-.031515118,3.0454376,2.7209702,-.42159623,-.088871688
.2448826,.80781996,1.4675561,.059967488,.65257311,.19782105,4.2649441,3.4571242,-.56293738,-.15844925
.9815377,.81763601,.0014722743,.96341628,.66852868,.8025406,2.8817108,2.0640748,.16390169,-.013431906
-.31029889,-.15431343,1.2433769,.096285403,.023812635,.047883287,3.0544336,3.2087469,-.15598546,-.012165733
-.77442014,.56567109,.31288919,.59972656,.31998378,-.43806708,3.3744552,2.808784,-1.3400912,-.89792228
1.6217197,.85271019,.76367396,2.6299748,.72711468,1.382857,4.1427746,3.2900643,.76900953,-.29568782
.050652377,-1.4860474,-.71526766,.0025656633,2.2083368,-.07527183,1.440418,2.9264655,1.5366998,-1.1807231
-.049584635,-.53409934,.40853122,.002458636,.28526211,.02648312,2.1371636,2.671263,.48451471,-.11737725
.62073165,-1.5049783,1.3621809,.38530779,2.2649596,-.93418765,4.7542372,6.2592154,2.12571,-2.2593215
.56564689,.54339433,2.2255549,.31995639,.29527739,.30736932,4.7758727,4.2324781,.02225256,-.00024758
-1.4109477,-1.9445009,-.044865493,1.9907733,3.7810838,2.7435892,.31303898,2.25754,.53355324,-.1423395
-1.483447,.65612435,1.5714338,2.2006149,.43049917,-.97332567,5.8745694,5.2184448,-2.1395712,-2.2888827
.12315256,.6132859,-.95492876,.015166554,.37611958,.075527728,1.6314325,1.0181466,-.49013335,-.12011534
.13187012,-1.0367261,-1.6694443,.01738973,1.0748011,-.13671319,.32721704,1.3639431,1.1685963,-.68280858
-.55138457,-.23173909,1.6327614,.30402493,.053703006,.12777735,3.3562152,3.5879543,-.31964546,-.051086612
.39034608,1.0535883,.056422357,.15237007,1.1100483,.41126406,3.1309831,2.077395,-.66324222,-.21994513
.74425888,-.83168161,-.60939705,.55392128,.69169432,-.61898643,2.2734978,3.1051793,1.5759405,-1.2417942
-.72808176,-.53311837,-.22741815,.53010303,.28421518,.38815376,1.1999798,1.7330981,-.1949634,-.019005345
.51938397,.70805395,.55127311,.26975971,.50134039,.36775187,3.2205243,2.5124702,-.18866998,-.017798183
1.0484796,-.75623912,.062809713,1.0993093,.57189763,-.79290128,3.476491,4.2327299,1.8047187,-1.6285048
-.17177707,-.58051074,-.50579715,.029507361,.33699271,.099718437,1.1198438,1.7003546,.40873367,-.083531603
.84682912,-.012362373,-.32195991,.71711957,.00015282827,-.010468817,2.2925401,2.3049026,.85919148,-.36910501
-.65886295,-.18358442,.15667579,.43410039,.033703241,.12095697,1.9434526,2.127037,-.47527853,-.11294484
-.0120603,1.3614017,.26476407,.00014545083,1.8534145,-.016418912,4.1573262,2.7959247,-1.373462,-.94319892
-.22732086,1.0216511,-1.2971742,.051674776,1.043771,-.23224263,2.129751,1.1080998,-1.2489721,-.77996552
.38439578,-.24465775,.82486421,.14776011,.059857417,-.094045408,2.9667766,3.2114344,.62905353,-.19785418
.65789306,1.4431682,.72423303,.43282327,2.0827343,.94945031,4.2401471,2.796979,-.7852751,-.30832848
-.39988175,1.798332,-.62044591,.15990542,3.2339978,-.71912014,4.9344935,3.1361616,-2.1982138,-2.4160717
-.057055779,.40905061,.75301683,.0032553619,.1673224,-.023338702,3.1308632,2.7218125,-.46610638,-.10862758
-.071300983,2.1299586,-.12324065,.0050838301,4.5367236,-.15186815,5.7691121,3.6391535,-2.2012596,-2.4227719
-1.3465964,-1.0688337,.67988682,1.8133217,1.1424055,1.4392875,1.5663004,2.6351342,-.27776265,-.038576029
-1.6137987,-1.0276393,-.58595473,2.6043463,1.0560424,1.6584029,.38234961,1.4099889,-.58615947,-.1717914
.0046465402,.094381198,-.15601146,.000021590335,.0089078108,.00043854603,1.9154755,1.8210943,-.089734659,-.0040261545
.19176647,-2.1149268,-.88335657,.036774378,4.4729156,-.40557206,2.3541417,4.4690685,2.3066933,-2.6604171
-.045870159,-.81506324,-1.081032,.0021040714,.6643281,.03738708,.63049167,1.445555,.76919305,-.295829
.22321777,-1.5763775,.044554327,.049826171,2.484966,-.35187548,2.627327,4.2037044,1.7995952,-1.6192716
.51109505,-.14320707,1.7606814,.26121816,.020508265,-.073192425,4.0278206,4.1710277,.65430212,-.21405564
1.8929783,-.61777693,.38906369,3.5833669,.38164833,-1.1694384,5.6764593,6.2942362,2.5107553,-3.1519458
1.3307813,.053831495,.010556709,1.7709789,.00289783,.071637951,3.2627735,3.2089419,1.2769499,-.81530041
.53227937,-1.3479446,-.6965223,.28332132,1.8169547,-.7174831,2.2872214,3.6351662,1.880224,-1.7676212
.46091524,.37850383,.4689731,.21244286,.14326514,.17445818,2.8755963,2.4970925,.082411408,-.0033958191
1.7001377,.77315879,1.1675094,2.8904684,.59777451,1.3144765,4.648407,3.8752482,.92697895,-.429645
-.14631127,-.3360202,-1.3867164,.021406988,.11290958,.049163543,.35217085,.68819106,.18970893,-.017994741
.041096024,.24957867,-.61377561,.0016888832,.062289514,.010256691,1.5949907,1.345412,-.20848265,-.021732507
-1.0705959,-1.0861403,-.8924405,1.1461755,1.1797007,1.1628172,.026203429,1.1123437,.015544415,-.00012083566
-.17498025,1.1065605,.43143576,.030618088,1.2244761,-.19362622,3.9747074,2.8681469,-1.2815408,-.82117331
1.9253694,.13328198,-.9381758,3.7070472,.017764086,.25661704,3.338521,3.2052391,1.7920874,-1.6057886
-2.7683089,.33191612,-.34974611,7.6635342,.11016832,-.91884637,5.8578,5.5258837,-3.100225,-4.8056974
1.579867,-.24811015,-1.7646315,2.4959798,.061558645,-.39198104,2.2064018,2.4545119,1.8279772,-1.6707503
-.87289041,-.29199085,1.5475727,.76193768,.085258655,.25487602,3.2500341,3.5420249,-.5808996,-.16872215
-.041923266,.4802686,.07038179,.0017575602,.23065792,-.020134429,2.5303349,2.0500665,-.52219188,-.13634217
.34043893,-.49465281,.63357776,.11589867,.2446814,-.16839908,2.7381415,3.2327943,.83509171,-.34868911
1.8755665,.68440002,1.8297547,3.5177495,.4684034,1.2836378,5.5809436,4.8965435,1.1911664,-.70943874
-1.1440203,1.4867742,-.56813085,1.3087825,2.2104976,-1.7009,5.5899448,4.1031704,-2.6307945,-3.4605401
1.6173967,.68775392,-.027988983,2.615972,.47300544,1.112371,3.3707755,2.6830215,.9296428,-.43211782
-.75131708,-1.21592,-1.1666234,.56447738,1.4784614,.91354144,-.1352345,1.0806855,.46460289,-.10792794
.42087063,.36690336,-1.2616022,.17713208,.13461807,.15441886,1.1229476,.75604421,.053967267,-.0014562284
.69195032,-1.4850047,-2.2147927,.47879526,2.2052388,-1.0275495,1.3228556,2.8078604,2.176955,-2.3695664
-.73354518,1.7062695,1.0179956,.53808856,2.9113557,-1.2516258,6.9686685,5.2623987,-2.4398146,-2.9763479
-1.1450596,-1.3553281,-.65882581,1.3111614,1.8369142,1.5519314,.071033061,1.4263611,.2102685,-.022106377
.71308976,-.42763445,1.376586,.508497,.18287122,-.30494174,3.9417946,4.3694291,1.1407242,-.65062588
-.73339981,1.1253736,-.48051324,.53787529,1.2664658,-.82534879,3.8147476,2.689374,-1.8587735,-1.7275193
-1.5516493,-1.4524829,-1.2048903,2.4076157,2.1097066,2.2537441,-.68220609,.77027684,-.099166393,-.0049169692
-.78337783,-.065054335,-.027757004,.61368084,.0042320667,.050962124,1.9496859,2.0147402,-.71832347,-.25799432
-.71135771,-.49036738,.026356352,.50602978,.24046017,.34882662,1.4941102,1.9844776,-.22099033,-.024418358
-.032098737,-.99364322,-.35608718,.0010303289,.98732686,.031894691,1.4010168,2.39466,.96154451,-.46228391
-1.2925009,-.11235805,.20087585,1.6705585,.012624331,.14522287,2.4308436,2.5432017,-1.1801428,-.69636852
.87452525,.41751567,-.0088593708,.76479441,.17431933,.36512798,2.650188,2.2326722,.45700958,-.10442888
.64590722,-.51283067,-.87269622,.41719615,.2629953,-.33124104,1.6334312,2.1462619,1.1587379,-.67133677
.60879838,-1.7163726,1.1425381,.37063548,2.945935,-1.0449249,4.8269267,6.5432992,2.325171,-2.7032101
-.46778882,.99028635,.40218017,.21882638,.98066705,-.46324489,4.0180354,3.0277491,-1.4580752,-1.0629916
-.96837538,.43218216,.20131776,.93775088,.18678142,-.41851458,3.1941135,2.7619314,-1.4005575,-.98078072
.19074863,-.15987179,-.22868522,.036385041,.025558988,-.030495325,1.7780964,1.9379683,.35062042,-.061467338
-1.2912465,.48177707,-.95110458,1.6673176,.23210914,-.62209296,2.5705717,2.0887947,-1.7730236,-1.5718063
1.4419775,-.22049768,-1.7721676,2.0792992,.048619229,-.31795269,1.8879892,2.1084869,1.6624752,-1.3819119
-.14463444,-.033784319,.34901938,.020919122,.0011413802,.0048863762,2.2881238,2.3219082,-.11085013,-.006143875
.71156913,-.61683768,-.80972552,.50633061,.38048872,-.43892264,1.8542912,2.4711289,1.3284068,-.88233232
1.0776354,.79393059,.28018346,1.161298,.63032579,.85556769,3.1994698,2.4055393,.28370482,-.040244199
-.83373851,-.76781118,.44821084,.69511992,.58953398,.64015377,1.6627946,2.4306059,-.065927327,-.0021732058
.34820479,.98139435,-1.0048634,.12124658,.96313488,.34172621,1.9870386,1.0056443,-.63318956,-.20046452
1.0921217,-.49668118,-.65834689,1.1927298,.2466922,-.5424363,2.58376,3.0804412,1.5888029,-1.2621473
.25127113,-.3543658,.25056383,.063137181,.12557511,-.089041896,2.2612872,2.615653,.60563695,-.18339804
-.71024323,.19557436,.94893676,.50444543,.038249329,-.13890536,3.2830186,3.0874443,-.90581757,-.41025275
-.15989487,-1.0235306,.30273685,.025566369,1.0476149,.16365729,1.9112303,2.934761,.86363572,-.37293336
1.1559206,-.17099637,-.87819099,1.3361524,.029239757,-.19765823,2.2292421,2.4002385,1.3269169,-.88035434
-1.4201252,-1.2546583,-.34533906,2.0167558,1.5741676,1.781772,.36405224,1.6187105,-.1654669,-.013689728
.03696689,.22272314,.31092465,.0013665509,.049605597,.0082333814,2.4951737,2.2724504,-.18575625,-.017252691
.46780503,-.68069106,-.62449265,.21884154,.46334031,-.31843069,1.6988868,2.3795779,1.1484962,-.65952164
-1.4887735,-.32210076,.65189499,2.2164464,.1037489,.47953507,2.6603551,2.9824557,-1.1666727,-.68056256
.1803309,.90580988,-2.4250722,.032519232,.82049155,.16334552,.52625388,-.379556,-.72547901,-.26315987
-.18871616,-.13483018,-.33284104,.03561379,.018179176,.025444632,1.5176148,1.6524451,-.053885981,-.0014518503
-.84554815,-2.377171,1.3698461,.71495169,5.6509423,2.0100126,2.6250963,5.0022674,1.5316229,-1.1729344
1.7269267,-2.7620199,-.82014608,2.9822757,7.6287537,-4.7698059,9.839839,12.601859,4.4889464,-10.07532
-.59796232,.13221243,.60406315,.35755894,.017480128,-.079058051,2.7838008,2.6515884,-.73017478,-.26657757
-.002836168,-.95258754,-.18787062,8.0438494e-06,.90742302,.0027016983,1.595481,2.5480685,.94975138,-.45101383
1.0358262,1.1975347,-.89004374,1.0729359,1.4340893,1.2404377,2.2720532,1.0745186,-.16170847,-.013074816
.23629059,-1.0279007,.40364721,.055833243,1.0565798,-.24288327,2.5540936,3.5819943,1.2641913,-.79908979
.6060732,2.5254588,.97116715,.36732471,6.3779421,1.5306129,6.7628307,4.2373719,-1.9193857,-1.8420205
1.2826962,-1.1690117,.67278749,1.6453097,1.3665884,-1.4994869,5.2447243,6.4137359,2.4517078,-3.0054359
-.25004014,.11491925,.42736319,.062520072,.013206434,-.028734427,2.4993923,2.3844731,-.36495939,-.066597678
-.48276377,1.222396,.1194788,.23306085,1.494252,-.59012848,4.284112,3.0617161,-1.7051598,-1.4537849
-1.4829094,-1.554359,.19699661,2.1990204,2.4160318,2.3049736,.66662502,2.220984,.071449518,-.0025525363
-1.189311,.16905266,-1.9509993,1.4144608,.028578801,-.2010562,.73312026,.5640676,-1.3583636,-.92257601
.22569282,.61914158,-1.9678066,.05093725,.38333631,.13973582,.61070132,-.0084402561,-.39344877,-.077400967
-.67262328,1.0345113,.12242712,.45242208,1.0702137,-.69583642,4.1019526,3.0674412,-1.7071346,-1.4571543
.36477181,-.4357551,.21205911,.13305847,.18988252,-.15895118,2.3368838,2.7726388,.80052692,-.32042167
.38004667,.020793967,.087139145,.14443547,.00043238906,.0079026781,2.2802401,2.2594461,.35925269,-.064531252
-1.3226635,-.39099625,-2.0283198,1.7494389,.15287806,.51715648,-.26481429,.12618196,-.93166733,-.43400198
-1.2014358,.83838856,-.8190484,1.4434479,.7028954,-1.00727,3.4878345,2.649446,-2.0398245,-2.0804417
.81537145,2.0065227,-.65084916,.66483063,4.0261331,1.6360613,3.7077487,1.701226,-1.1911511,-.70942056
-.47246191,.4569709,.94897676,.22322026,.2088224,-.21590135,3.5590405,3.1020696,-.92943281,-.43192267
.044429455,-.66009128,.42557576,.0019739764,.4357205,-.029327495,2.2250154,2.8851066,.70452076,-.24817474
-1.0987637,1.7322021,.44141638,1.2072817,3.000524,-1.9032807,7.3315125,5.5993104,-2.8309658,-4.0071836
-.097354181,.18369943,1.1672779,.009477837,.033745479,-.017883908,3.3061569,3.1224575,-.2810536,-.039495565
.098608769,-.094490923,-.44653764,.0097236894,.0089285346,-.0093176337,1.5355451,1.630036,.19309969,-.018643746
.97005069,1.2374887,-1.0537952,.94099838,1.5313784,1.2004268,2.1392236,.90173483,-.26743805,-.035761565
-.59228355,-.39630595,-.40717012,.3507998,.1570584,.23472549,1.1569343,1.5532402,-.1959776,-.019203609
.39646044,.7838164,1.0426973,.15718089,.61436814,.31075218,3.7853293,3.001513,-.38735595,-.075022317
-.30234289,-.18785959,.70759189,.091411225,.035291228,.056798015,2.4919405,2.6798,-.1144833,-.006553214
.23586944,.3255772,-1.278501,.055634391,.10600051,.076793708,1.0241876,.69861037,-.089707762,-.004023741
-1.5933868,-.94497198,.75334126,2.5388813,.89297205,1.5057058,1.8240657,2.7690377,-.64841479,-.21022083
-.034397472,-.63051063,-.73379135,.0011831861,.39754364,.021687971,.99220741,1.6227181,.59611315,-.17767544
-.1058547,-1.2003562,.75475466,.011205219,1.4408551,.12706335,2.4817157,3.6820719,1.0945015,-.59896684
-.53355193,.32296899,-.31897479,.28467765,.10430897,-.17232072,2.113852,1.7908831,-.85652089,-.36681405
1.4961053,.56592327,-.67308915,2.2383311,.32026914,.84668082,2.6045079,2.0385847,.93018204,-.4326193
.42623079,1.8865736,-.13076653,.18167268,3.5591598,.80411571,4.3840046,2.497431,-1.4603428,-1.0663005
-.18629007,-.68425483,-1.1118664,.034703989,.46820468,.12746988,.47725269,1.1615075,.49796474,-.12398446
-.55902565,.88533407,-1.2489057,.31250969,.7838164,-.49492446,2.246208,1.3608739,-1.4443598,-1.0430875
.66522408,1.3995878,-.82238638,.44252306,1.9588459,.93103945,2.6265373,1.2269496,-.73436368,-.26964501
-.42652756,-.6832993,.60393614,.18192576,.46689793,.29144597,2.0306342,2.7139335,.25677174,-.032965861
-.85219437,.37472945,.8045938,.72623527,.14042217,-.31934234,3.5639172,3.1891878,-1.2269238,-.75267106
-.075246118,-1.7607569,-.38113734,.0056619784,3.1002648,.13249011,1.7842323,3.5449891,1.6855108,-1.4204732
.50376362,.38812432,.56415182,.25377777,.15064049,.1955229,2.9936543,2.60553,.1156393,-.0066862204
